Salesperson,Territory,Total_Sales
Salesperson_1,Territory_11,4660205
Salesperson_2,Territory_9,561022
Salesperson_3,Territory_23,4069148
Salesperson_4,Territory_9,1338235
Salesperson_5,Territory_13,786756
Salesperson_6,Territory_17,2159855
Salesperson_7,Territory_19,3820431
Salesperson_8,Territory_21,1590336
Salesperson_9,Territory_23,1025744
Salesperson_10,Territory_24,1032771
Salesperson_11,Territory_2,4119182
Salesperson_12,Territory_3,48262
Salesperson_13,Territory_13,4854250
Salesperson_14,Territory_13,2300536
Salesperson_15,Territory_25,4338179
Salesperson_16,Territory_24,342821
Salesperson_17,Territory_9,4677057
Salesperson_18,Territory_25,1891687
Salesperson_19,Territory_13,4844775
Salesperson_20,Territory_10,3793982
Salesperson_21,Territory_23,2220029
Salesperson_22,Territory_17,3861965
Salesperson_23,Territory_21,3479610
Salesperson_24,Territory_9,2900851
Salesperson_25,Territory_12,1477682
Salesperson_26,Territory_9,304724
Salesperson_27,Territory_12,1198051
Salesperson_28,Territory_16,2623687
Salesperson_29,Territory_3,4397997
Salesperson_30,Territory_3,3349292
Salesperson_31,Territory_2,2909380
Salesperson_32,Territory_8,4432051
Salesperson_33,Territory_10,3935439
Salesperson_34,Territory_3,3677414
Salesperson_35,Territory_20,2535349
Salesperson_36,Territory_9,4327789
Salesperson_37,Territory_1,361558
Salesperson_38,Territory_1,2991262
Salesperson_39,Territory_5,1802441
Salesperson_40,Territory_4,908213
Salesperson_41,Territory_16,4427899
Salesperson_42,Territory_16,3324060
Salesperson_43,Territory_14,4786246
Salesperson_44,Territory_25,3715613
Salesperson_45,Territory_25,4526805
Salesperson_46,Territory_12,1359909
Salesperson_47,Territory_15,3255634
Salesperson_48,Territory_9,3989325
Salesperson_49,Territory_2,3588446
Salesperson_50,Territory_16,3561343
Salesperson_51,Territory_19,933413
Salesperson_52,Territory_15,1257378
Salesperson_53,Territory_2,4016672
Salesperson_54,Territory_7,4553969
Salesperson_55,Territory_13,4416659
Salesperson_56,Territory_16,3615087
Salesperson_57,Territory_19,4144811
Salesperson_58,Territory_14,926587
Salesperson_59,Territory_1,4218744
Salesperson_60,Territory_9,4300683
Salesperson_61,Territory_11,2842471
Salesperson_62,Territory_23,4650598
Salesperson_63,Territory_4,1544125
Salesperson_64,Territory_25,4898822
Salesperson_65,Territory_17,248121
Salesperson_66,Territory_1,3794789
Salesperson_67,Territory_21,1962473
Salesperson_68,Territory_24,4587279
Salesperson_69,Territory_17,4776982
Salesperson_70,Territory_8,888070
Salesperson_71,Territory_6,140561
Salesperson_72,Territory_18,1643596
Salesperson_73,Territory_25,1150967
Salesperson_74,Territory_13,352316
Salesperson_75,Territory_4,2814420
Salesperson_76,Territory_1,4887151
Salesperson_77,Territory_12,3687609
Salesperson_78,Territory_21,1169388
Salesperson_79,Territory_12,2374328
Salesperson_80,Territory_8,1053629
Salesperson_81,Territory_25,2627206
Salesperson_82,Territory_20,4830503
Salesperson_83,Territory_21,231759
Salesperson_84,Territory_14,461821
Salesperson_85,Territory_3,4488624
Salesperson_86,Territory_12,1464743
Salesperson_87,Territory_18,3556288
Salesperson_88,Territory_17,3483705
Salesperson_89,Territory_19,1036460
Salesperson_90,Territory_8,440344
Salesperson_91,Territory_12,696851
Salesperson_92,Territory_10,4886111
Salesperson_93,Territory_12,3750447
Salesperson_94,Territory_18,3046700
Salesperson_95,Territory_14,4953430
Salesperson_96,Territory_5,1950378
Salesperson_97,Territory_23,3464179
Salesperson_98,Territory_23,4594795
Salesperson_99,Territory_24,3677859
Salesperson_100,Territory_9,2763295
Salesperson_101,Territory_22,4418757
Salesperson_102,Territory_4,4097050
Salesperson_103,Territory_19,1173432
Salesperson_104,Territory_14,4912801
Salesperson_105,Territory_23,810696
Salesperson_106,Territory_23,3025788
Salesperson_107,Territory_8,1899364
Salesperson_108,Territory_12,4428066
Salesperson_109,Territory_16,2546257
Salesperson_110,Territory_16,1675495
Salesperson_111,Territory_8,3814026
Salesperson_112,Territory_7,4089110
Salesperson_113,Territory_3,852135
Salesperson_114,Territory_20,3355391
Salesperson_115,Territory_22,2125361
Salesperson_116,Territory_11,4143617
Salesperson_117,Territory_16,4783415
Salesperson_118,Territory_3,2575784
Salesperson_119,Territory_17,3422718
Salesperson_120,Territory_23,134165
Salesperson_121,Territory_5,3864249
Salesperson_122,Territory_12,1019277
Salesperson_123,Territory_11,4949524
Salesperson_124,Territory_20,3184810
Salesperson_125,Territory_4,598098
Salesperson_126,Territory_11,2734929
Salesperson_127,Territory_13,1783788
Salesperson_128,Territory_14,4300355
Salesperson_129,Territory_21,4504283
Salesperson_130,Territory_6,3627465
Salesperson_131,Territory_20,2149849
Salesperson_132,Territory_17,374536
Salesperson_133,Territory_8,3887993
Salesperson_134,Territory_10,2983838
Salesperson_135,Territory_19,1710130
Salesperson_136,Territory_11,4506370
Salesperson_137,Territory_9,4278142
Salesperson_138,Territory_19,3935460
Salesperson_139,Territory_14,1051026
Salesperson_140,Territory_13,4385425
Salesperson_141,Territory_7,2934246
Salesperson_142,Territory_24,720864
Salesperson_143,Territory_15,1696087
Salesperson_144,Territory_8,4515917
Salesperson_145,Territory_22,4709520
Salesperson_146,Territory_7,3303082
Salesperson_147,Territory_4,2556984
Salesperson_148,Territory_24,3564181
Salesperson_149,Territory_24,814934
Salesperson_150,Territory_15,1402395
Salesperson_151,Territory_17,4776549
Salesperson_152,Territory_17,1375196
Salesperson_153,Territory_6,2883916
Salesperson_154,Territory_17,132705
Salesperson_155,Territory_17,4511591
Salesperson_156,Territory_21,989214
Salesperson_157,Territory_7,4609288
Salesperson_158,Territory_9,1135733
Salesperson_159,Territory_11,3096644
Salesperson_160,Territory_22,3482683
Salesperson_161,Territory_10,3780010
Salesperson_162,Territory_11,837614
Salesperson_163,Territory_22,139808
Salesperson_164,Territory_11,2389819
Salesperson_165,Territory_4,118204
Salesperson_166,Territory_14,676448
Salesperson_167,Territory_13,3315247
Salesperson_168,Territory_6,1815926
Salesperson_169,Territory_16,4767961
Salesperson_170,Territory_18,2610755
Salesperson_171,Territory_22,3163190
Salesperson_172,Territory_23,361870
Salesperson_173,Territory_25,4892925
Salesperson_174,Territory_10,4381939
Salesperson_175,Territory_1,3268537
Salesperson_176,Territory_10,3338863
Salesperson_177,Territory_14,4298079
Salesperson_178,Territory_2,1889810
Salesperson_179,Territory_9,2720981
Salesperson_180,Territory_15,3093618
Salesperson_181,Territory_25,2775093
Salesperson_182,Territory_22,888383
Salesperson_183,Territory_19,4183456
Salesperson_184,Territory_11,3469784
Salesperson_185,Territory_20,4870710
Salesperson_186,Territory_8,679811
Salesperson_187,Territory_5,2497298
Salesperson_188,Territory_8,667503
Salesperson_189,Territory_6,2798430
Salesperson_190,Territory_18,1979068
Salesperson_191,Territory_2,997396
Salesperson_192,Territory_8,425988
Salesperson_193,Territory_5,3805262
Salesperson_194,Territory_21,1151460
Salesperson_195,Territory_12,1704557
Salesperson_196,Territory_23,748488
Salesperson_197,Territory_23,2168349
Salesperson_198,Territory_6,4868804
Salesperson_199,Territory_24,4745899
Salesperson_200,Territory_15,1024423
Salesperson_201,Territory_14,2784005
Salesperson_202,Territory_25,4678852
Salesperson_203,Territory_22,4297662
Salesperson_204,Territory_24,697037
Salesperson_205,Territory_8,722946
Salesperson_206,Territory_22,3658923
Salesperson_207,Territory_13,2685668
Salesperson_208,Territory_14,4432765
Salesperson_209,Territory_19,3398054
Salesperson_210,Territory_4,3929487
Salesperson_211,Territory_23,2937536
Salesperson_212,Territory_2,2558289
Salesperson_213,Territory_18,389884
Salesperson_214,Territory_6,2955834
Salesperson_215,Territory_12,1984698
Salesperson_216,Territory_7,277101
Salesperson_217,Territory_5,4724395
Salesperson_218,Territory_6,782669
Salesperson_219,Territory_7,992308
Salesperson_220,Territory_10,1211063
Salesperson_221,Territory_2,3660866
Salesperson_222,Territory_24,3524535
Salesperson_223,Territory_6,811745
Salesperson_224,Territory_12,4865622
Salesperson_225,Territory_14,489987
Salesperson_226,Territory_23,842312
Salesperson_227,Territory_17,2938021
Salesperson_228,Territory_6,3379109
Salesperson_229,Territory_13,2704081
Salesperson_230,Territory_15,568670
Salesperson_231,Territory_10,4328115
Salesperson_232,Territory_4,2234943
Salesperson_233,Territory_6,621690
Salesperson_234,Territory_15,3956763
Salesperson_235,Territory_4,3019352
Salesperson_236,Territory_6,2587669
Salesperson_237,Territory_24,1386073
Salesperson_238,Territory_15,3144117
Salesperson_239,Territory_12,2265855
Salesperson_240,Territory_1,168924
Salesperson_241,Territory_10,2341713
Salesperson_242,Territory_25,1826943
Salesperson_243,Territory_16,4446176
Salesperson_244,Territory_4,2636864
Salesperson_245,Territory_14,3354948
Salesperson_246,Territory_16,1154909
Salesperson_247,Territory_10,3035581
Salesperson_248,Territory_22,2487898
Salesperson_249,Territory_1,1393270
Salesperson_250,Territory_13,2467092
Salesperson_251,Territory_21,3075167
Salesperson_252,Territory_2,1043327
Salesperson_253,Territory_2,2673092
Salesperson_254,Territory_8,3066129
Salesperson_255,Territory_19,3011261
Salesperson_256,Territory_23,342351
Salesperson_257,Territory_22,4460578
Salesperson_258,Territory_8,1528017
Salesperson_259,Territory_14,4997581
Salesperson_260,Territory_6,1241581
Salesperson_261,Territory_1,3461456
Salesperson_262,Territory_12,70689
Salesperson_263,Territory_2,365028
Salesperson_264,Territory_21,2713376
Salesperson_265,Territory_18,2519090
Salesperson_266,Territory_8,828420
Salesperson_267,Territory_2,1526596
Salesperson_268,Territory_11,3954562
Salesperson_269,Territory_6,3103572
Salesperson_270,Territory_17,1417967
Salesperson_271,Territory_25,1874304
Salesperson_272,Territory_9,3208935
Salesperson_273,Territory_25,4198136
Salesperson_274,Territory_23,4654524
Salesperson_275,Territory_5,4369144
Salesperson_276,Territory_3,1886699
Salesperson_277,Territory_24,1617702
Salesperson_278,Territory_20,1132210
Salesperson_279,Territory_19,1633847
Salesperson_280,Territory_16,4397433
Salesperson_281,Territory_25,4700453
Salesperson_282,Territory_21,4275095
Salesperson_283,Territory_9,387205
Salesperson_284,Territory_17,2613934
Salesperson_285,Territory_17,1507690
Salesperson_286,Territory_8,345857
Salesperson_287,Territory_15,1013389
Salesperson_288,Territory_25,3165859
Salesperson_289,Territory_19,913535
Salesperson_290,Territory_19,771261
Salesperson_291,Territory_22,2142934
Salesperson_292,Territory_12,4938619
Salesperson_293,Territory_18,3831336
Salesperson_294,Territory_18,1663191
Salesperson_295,Territory_7,4197607
Salesperson_296,Territory_13,881928
Salesperson_297,Territory_14,3217263
Salesperson_298,Territory_2,1654765
Salesperson_299,Territory_11,3382706
Salesperson_300,Territory_22,1316829
Salesperson_301,Territory_10,3992873
Salesperson_302,Territory_15,1335297
Salesperson_303,Territory_9,943178
Salesperson_304,Territory_14,2453793
Salesperson_305,Territory_1,3830325
Salesperson_306,Territory_6,1693716
Salesperson_307,Territory_1,1385028
Salesperson_308,Territory_17,3618193
Salesperson_309,Territory_9,4803918
Salesperson_310,Territory_13,1262447
Salesperson_311,Territory_23,1951590
Salesperson_312,Territory_12,4022660
Salesperson_313,Territory_20,3554653
Salesperson_314,Territory_2,1595502
Salesperson_315,Territory_1,2413575
Salesperson_316,Territory_10,2858291
Salesperson_317,Territory_21,800096
Salesperson_318,Territory_1,1997724
Salesperson_319,Territory_2,3908384
Salesperson_320,Territory_24,4532363
Salesperson_321,Territory_18,249651
Salesperson_322,Territory_11,4421644
Salesperson_323,Territory_23,1851638
Salesperson_324,Territory_25,976711
Salesperson_325,Territory_13,4264538
Salesperson_326,Territory_24,1098801
Salesperson_327,Territory_1,1084606
Salesperson_328,Territory_6,1016790
Salesperson_329,Territory_9,2452929
Salesperson_330,Territory_20,3440189
Salesperson_331,Territory_11,3152039
Salesperson_332,Territory_5,117068
Salesperson_333,Territory_14,226213
Salesperson_334,Territory_22,1360399
Salesperson_335,Territory_4,2289611
Salesperson_336,Territory_7,4066224
Salesperson_337,Territory_5,1731945
Salesperson_338,Territory_17,2715909
Salesperson_339,Territory_22,1813913
Salesperson_340,Territory_2,3638947
Salesperson_341,Territory_20,1773832
Salesperson_342,Territory_15,983392
Salesperson_343,Territory_11,2485896
Salesperson_344,Territory_15,3318996
Salesperson_345,Territory_1,3033824
Salesperson_346,Territory_22,4548778
Salesperson_347,Territory_14,2149300
Salesperson_348,Territory_10,2269700
Salesperson_349,Territory_16,533886
Salesperson_350,Territory_18,4440572
Salesperson_351,Territory_19,810793
Salesperson_352,Territory_18,4674258
Salesperson_353,Territory_10,4681479
Salesperson_354,Territory_6,520676
Salesperson_355,Territory_7,3900737
Salesperson_356,Territory_7,4753591
Salesperson_357,Territory_24,159690
Salesperson_358,Territory_15,3175488
Salesperson_359,Territory_18,3387291
Salesperson_360,Territory_7,4773110
Salesperson_361,Territory_22,4932611
Salesperson_362,Territory_23,4665713
Salesperson_363,Territory_16,1258760
Salesperson_364,Territory_17,1002810
Salesperson_365,Territory_5,1582448
Salesperson_366,Territory_14,4520705
Salesperson_367,Territory_18,102023
Salesperson_368,Territory_1,4405403
Salesperson_369,Territory_23,1831484
Salesperson_370,Territory_16,3108555
Salesperson_371,Territory_23,401340
Salesperson_372,Territory_3,4500773
Salesperson_373,Territory_14,1543039
Salesperson_374,Territory_14,2628037
Salesperson_375,Territory_19,3994084
Salesperson_376,Territory_9,3178892
Salesperson_377,Territory_7,4494926
Salesperson_378,Territory_21,4029212
Salesperson_379,Territory_20,3072855
Salesperson_380,Territory_2,4745488
Salesperson_381,Territory_21,3716485
Salesperson_382,Territory_24,1795134
Salesperson_383,Territory_4,2217721
Salesperson_384,Territory_25,3098856
Salesperson_385,Territory_18,2084689
Salesperson_386,Territory_6,3180548
Salesperson_387,Territory_16,1859550
Salesperson_388,Territory_12,4867532
Salesperson_389,Territory_2,3805370
Salesperson_390,Territory_22,2557525
Salesperson_391,Territory_25,494270
Salesperson_392,Territory_13,4425559
Salesperson_393,Territory_17,3639734
Salesperson_394,Territory_23,1379825
Salesperson_395,Territory_21,199187
Salesperson_396,Territory_5,3118795
Salesperson_397,Territory_14,171679
Salesperson_398,Territory_11,2235608
Salesperson_399,Territory_15,3037543
Salesperson_400,Territory_19,2363616
Salesperson_401,Territory_14,3215198
Salesperson_402,Territory_15,3218041
Salesperson_403,Territory_9,4854085
Salesperson_404,Territory_9,827301
Salesperson_405,Territory_14,2755118
Salesperson_406,Territory_11,3884306
Salesperson_407,Territory_12,678401
Salesperson_408,Territory_21,3431164
Salesperson_409,Territory_3,1596828
Salesperson_410,Territory_22,348601
Salesperson_411,Territory_22,1629480
Salesperson_412,Territory_7,1124185
Salesperson_413,Territory_4,1902847
Salesperson_414,Territory_21,4201608
Salesperson_415,Territory_18,4805938
Salesperson_416,Territory_5,402239
Salesperson_417,Territory_25,4668884
Salesperson_418,Territory_11,886044
Salesperson_419,Territory_6,504218
Salesperson_420,Territory_5,27816
Salesperson_421,Territory_9,2299976
Salesperson_422,Territory_11,1820117
Salesperson_423,Territory_2,3539036
Salesperson_424,Territory_25,2238078
Salesperson_425,Territory_15,4669182
Salesperson_426,Territory_6,4302058
Salesperson_427,Territory_15,677404
Salesperson_428,Territory_23,2871600
Salesperson_429,Territory_10,1411715
Salesperson_430,Territory_9,3204401
Salesperson_431,Territory_12,2119652
Salesperson_432,Territory_21,289220
Salesperson_433,Territory_14,319754
Salesperson_434,Territory_14,468585
Salesperson_435,Territory_18,3389736
Salesperson_436,Territory_20,1981183
Salesperson_437,Territory_5,2203975
Salesperson_438,Territory_18,3282002
Salesperson_439,Territory_17,4314692
Salesperson_440,Territory_15,4445071
Salesperson_441,Territory_1,4819885
Salesperson_442,Territory_19,3524382
Salesperson_443,Territory_14,2952833
Salesperson_444,Territory_17,64743
Salesperson_445,Territory_11,224394
Salesperson_446,Territory_15,1350547
Salesperson_447,Territory_2,1736220
Salesperson_448,Territory_12,1294566
Salesperson_449,Territory_6,4630640
Salesperson_450,Territory_3,4399201
Salesperson_451,Territory_14,2703186
Salesperson_452,Territory_4,1825996
Salesperson_453,Territory_10,517512
Salesperson_454,Territory_12,1722781
Salesperson_455,Territory_4,739455
Salesperson_456,Territory_23,3962767
Salesperson_457,Territory_8,3678034
Salesperson_458,Territory_8,3025228
Salesperson_459,Territory_23,431388
Salesperson_460,Territory_2,4650152
Salesperson_461,Territory_22,4934897
Salesperson_462,Territory_21,3772015
Salesperson_463,Territory_15,1317105
Salesperson_464,Territory_9,954927
Salesperson_465,Territory_14,3900759
Salesperson_466,Territory_25,1928260
Salesperson_467,Territory_5,4872613
Salesperson_468,Territory_8,2467225
Salesperson_469,Territory_7,602931
Salesperson_470,Territory_15,2130734
Salesperson_471,Territory_8,333545
Salesperson_472,Territory_5,172027
Salesperson_473,Territory_1,1787596
Salesperson_474,Territory_20,3322585
Salesperson_475,Territory_5,4273498
Salesperson_476,Territory_22,4950477
Salesperson_477,Territory_8,4489310
Salesperson_478,Territory_19,90522
Salesperson_479,Territory_15,3726978
Salesperson_480,Territory_20,156061
Salesperson_481,Territory_22,2985470
Salesperson_482,Territory_1,2504914
Salesperson_483,Territory_14,2026580
Salesperson_484,Territory_5,2000630
Salesperson_485,Territory_22,894567
Salesperson_486,Territory_20,779696
Salesperson_487,Territory_6,723729
Salesperson_488,Territory_16,2023929
Salesperson_489,Territory_20,86939
Salesperson_490,Territory_4,312742
Salesperson_491,Territory_20,982604
Salesperson_492,Territory_12,4663129
Salesperson_493,Territory_22,3314155
Salesperson_494,Territory_21,4559945
Salesperson_495,Territory_6,721084
Salesperson_496,Territory_7,3840191
Salesperson_497,Territory_24,2286181
Salesperson_498,Territory_18,2543125
Salesperson_499,Territory_11,1868218
Salesperson_500,Territory_11,696057
Salesperson_501,Territory_7,385361
Salesperson_502,Territory_9,1075724
Salesperson_503,Territory_24,1212412
Salesperson_504,Territory_13,2141060
Salesperson_505,Territory_9,3079931
Salesperson_506,Territory_18,3276492
Salesperson_507,Territory_20,1212030
Salesperson_508,Territory_20,4280221
Salesperson_509,Territory_6,92320
Salesperson_510,Territory_24,1857120
Salesperson_511,Territory_3,446706
Salesperson_512,Territory_7,2197551
Salesperson_513,Territory_22,1659951
Salesperson_514,Territory_8,4683880
Salesperson_515,Territory_17,2597530
Salesperson_516,Territory_16,4658373
Salesperson_517,Territory_14,3236198
Salesperson_518,Territory_12,1604061
Salesperson_519,Territory_25,936179
Salesperson_520,Territory_19,4313517
Salesperson_521,Territory_23,282075
Salesperson_522,Territory_20,2151018
Salesperson_523,Territory_17,1295079
Salesperson_524,Territory_18,3998766
Salesperson_525,Territory_6,2240390
Salesperson_526,Territory_11,164931
Salesperson_527,Territory_24,1577213
Salesperson_528,Territory_22,4372980
Salesperson_529,Territory_8,3349930
Salesperson_530,Territory_4,4627781
Salesperson_531,Territory_2,2861748
Salesperson_532,Territory_25,3200848
Salesperson_533,Territory_25,4042595
Salesperson_534,Territory_24,3846847
Salesperson_535,Territory_24,906283
Salesperson_536,Territory_16,1428311
Salesperson_537,Territory_1,1398687
Salesperson_538,Territory_25,2198344
Salesperson_539,Territory_4,203870
Salesperson_540,Territory_16,3396177
Salesperson_541,Territory_6,4701014
Salesperson_542,Territory_25,4042741
Salesperson_543,Territory_4,1272889
Salesperson_544,Territory_2,3020706
Salesperson_545,Territory_14,4285922
Salesperson_546,Territory_20,4238092
Salesperson_547,Territory_9,4568297
Salesperson_548,Territory_6,2972076
Salesperson_549,Territory_11,483702
Salesperson_550,Territory_11,2961192
Salesperson_551,Territory_21,4356766
Salesperson_552,Territory_8,1017946
Salesperson_553,Territory_9,156461
Salesperson_554,Territory_7,2572303
Salesperson_555,Territory_22,4434267
Salesperson_556,Territory_22,1261547
Salesperson_557,Territory_1,306578
Salesperson_558,Territory_15,4385138
Salesperson_559,Territory_12,1123518
Salesperson_560,Territory_11,2791017
Salesperson_561,Territory_23,4649707
Salesperson_562,Territory_10,2909796
Salesperson_563,Territory_13,4040887
Salesperson_564,Territory_23,456234
Salesperson_565,Territory_5,2041438
Salesperson_566,Territory_22,4550303
Salesperson_567,Territory_20,2380705
Salesperson_568,Territory_19,2322796
Salesperson_569,Territory_25,863787
Salesperson_570,Territory_18,4618257
Salesperson_571,Territory_20,1984941
Salesperson_572,Territory_25,1368897
Salesperson_573,Territory_16,567219
Salesperson_574,Territory_6,2821042
Salesperson_575,Territory_5,4718565
Salesperson_576,Territory_19,30176
Salesperson_577,Territory_14,1396954
Salesperson_578,Territory_10,692713
Salesperson_579,Territory_4,4112097
Salesperson_580,Territory_16,1329796
Salesperson_581,Territory_1,638482
Salesperson_582,Territory_17,3246989
Salesperson_583,Territory_7,3629835
Salesperson_584,Territory_22,1845978
Salesperson_585,Territory_6,779564
Salesperson_586,Territory_23,606583
Salesperson_587,Territory_1,2328164
Salesperson_588,Territory_13,250393
Salesperson_589,Territory_13,1081295
Salesperson_590,Territory_5,2775506
Salesperson_591,Territory_5,2227804
Salesperson_592,Territory_4,2499917
Salesperson_593,Territory_17,1876462
Salesperson_594,Territory_1,1149101
Salesperson_595,Territory_21,1735571
Salesperson_596,Territory_19,3109082
Salesperson_597,Territory_7,3967060
Salesperson_598,Territory_1,3710685
Salesperson_599,Territory_3,1891620
Salesperson_600,Territory_14,4966243
Salesperson_601,Territory_11,3552641
Salesperson_602,Territory_1,4615341
Salesperson_603,Territory_4,3134227
Salesperson_604,Territory_3,2719172
Salesperson_605,Territory_25,1416239
Salesperson_606,Territory_21,2271683
Salesperson_607,Territory_13,1454268
Salesperson_608,Territory_16,650414
Salesperson_609,Territory_12,367025
Salesperson_610,Territory_15,4899058
Salesperson_611,Territory_3,4613541
Salesperson_612,Territory_18,4571184
Salesperson_613,Territory_18,4578538
Salesperson_614,Territory_21,2511860
Salesperson_615,Territory_1,292514
Salesperson_616,Territory_8,2217791
Salesperson_617,Territory_9,3195004
Salesperson_618,Territory_11,4053029
Salesperson_619,Territory_8,2491623
Salesperson_620,Territory_24,868407
Salesperson_621,Territory_2,563455
Salesperson_622,Territory_16,120817
Salesperson_623,Territory_20,3597641
Salesperson_624,Territory_5,59348
Salesperson_625,Territory_22,1181081
Salesperson_626,Territory_17,4339024
Salesperson_627,Territory_13,4933049
Salesperson_628,Territory_24,4571735
Salesperson_629,Territory_2,2986905
Salesperson_630,Territory_17,3016146
Salesperson_631,Territory_24,2286565
Salesperson_632,Territory_18,185068
Salesperson_633,Territory_2,2970487
Salesperson_634,Territory_1,2137466
Salesperson_635,Territory_13,3702081
Salesperson_636,Territory_9,1066493
Salesperson_637,Territory_12,4374301
Salesperson_638,Territory_20,3527389
Salesperson_639,Territory_7,4701861
Salesperson_640,Territory_24,1711594
Salesperson_641,Territory_16,3134548
Salesperson_642,Territory_14,2597684
Salesperson_643,Territory_9,515478
Salesperson_644,Territory_8,1980674
Salesperson_645,Territory_13,2387450
Salesperson_646,Territory_4,1834719
Salesperson_647,Territory_13,3763722
Salesperson_648,Territory_21,979265
Salesperson_649,Territory_24,2445865
Salesperson_650,Territory_20,1447731
Salesperson_651,Territory_19,1392129
Salesperson_652,Territory_25,1024795
Salesperson_653,Territory_1,1978614
Salesperson_654,Territory_7,1263934
Salesperson_655,Territory_6,3751819
Salesperson_656,Territory_8,1919327
Salesperson_657,Territory_24,254856
Salesperson_658,Territory_14,2415492
Salesperson_659,Territory_3,4954756
Salesperson_660,Territory_15,4073604
Salesperson_661,Territory_9,3887880
Salesperson_662,Territory_3,543508
Salesperson_663,Territory_9,2409046
Salesperson_664,Territory_1,1161890
Salesperson_665,Territory_14,4152153
Salesperson_666,Territory_25,3228444
Salesperson_667,Territory_17,1370069
Salesperson_668,Territory_15,507382
Salesperson_669,Territory_13,4078134
Salesperson_670,Territory_22,913125
Salesperson_671,Territory_20,4004469
Salesperson_672,Territory_6,3419177
Salesperson_673,Territory_25,3829335
Salesperson_674,Territory_22,533422
Salesperson_675,Territory_8,4588386
Salesperson_676,Territory_10,4847659
Salesperson_677,Territory_10,4074931
Salesperson_678,Territory_23,4683175
Salesperson_679,Territory_16,3200142
Salesperson_680,Territory_8,2815792
Salesperson_681,Territory_4,3895610
Salesperson_682,Territory_5,1342440
Salesperson_683,Territory_25,4058679
Salesperson_684,Territory_24,4923827
Salesperson_685,Territory_8,4372656
Salesperson_686,Territory_15,4406313
Salesperson_687,Territory_21,4882742
Salesperson_688,Territory_6,583091
Salesperson_689,Territory_15,2916237
Salesperson_690,Territory_18,2442878
Salesperson_691,Territory_19,595881
Salesperson_692,Territory_17,4824712
Salesperson_693,Territory_4,3627479
Salesperson_694,Territory_15,97596
Salesperson_695,Territory_4,4998495
Salesperson_696,Territory_5,3664962
Salesperson_697,Territory_23,881621
Salesperson_698,Territory_12,4609149
Salesperson_699,Territory_3,843723
Salesperson_700,Territory_16,3519116
Salesperson_701,Territory_17,2087077
Salesperson_702,Territory_21,3340289
Salesperson_703,Territory_1,1425262
Salesperson_704,Territory_21,3401101
Salesperson_705,Territory_21,1759019
Salesperson_706,Territory_7,1431191
Salesperson_707,Territory_24,4752876
Salesperson_708,Territory_24,2714061
Salesperson_709,Territory_23,3693432
Salesperson_710,Territory_9,2333011
Salesperson_711,Territory_16,2804873
Salesperson_712,Territory_9,4278046
Salesperson_713,Territory_23,4235273
Salesperson_714,Territory_3,2740518
Salesperson_715,Territory_23,522674
Salesperson_716,Territory_22,2726830
Salesperson_717,Territory_22,3973284
Salesperson_718,Territory_4,344167
Salesperson_719,Territory_10,3294704
Salesperson_720,Territory_23,2031709
Salesperson_721,Territory_15,3496885
Salesperson_722,Territory_25,1117262
Salesperson_723,Territory_12,2656247
Salesperson_724,Territory_20,940313
Salesperson_725,Territory_19,4624075
Salesperson_726,Territory_21,1415008
Salesperson_727,Territory_12,686148
Salesperson_728,Territory_18,3740379
Salesperson_729,Territory_14,1120072
Salesperson_730,Territory_15,4466887
Salesperson_731,Territory_7,4205689
Salesperson_732,Territory_17,2707756
Salesperson_733,Territory_20,2071913
Salesperson_734,Territory_25,1907233
Salesperson_735,Territory_5,2635740
Salesperson_736,Territory_14,720806
Salesperson_737,Territory_5,3090522
Salesperson_738,Territory_7,2334886
Salesperson_739,Territory_13,453907
Salesperson_740,Territory_17,945813
Salesperson_741,Territory_20,432968
Salesperson_742,Territory_16,1832657
Salesperson_743,Territory_16,3138885
Salesperson_744,Territory_3,1453926
Salesperson_745,Territory_7,4416326
Salesperson_746,Territory_11,493073
Salesperson_747,Territory_22,2080036
Salesperson_748,Territory_6,1920444
Salesperson_749,Territory_13,3310363
Salesperson_750,Territory_14,486108
Salesperson_751,Territory_1,3863927
Salesperson_752,Territory_4,2520268
Salesperson_753,Territory_14,3646732
Salesperson_754,Territory_15,3932576
Salesperson_755,Territory_8,967975
Salesperson_756,Territory_13,1727030
Salesperson_757,Territory_7,2376210
Salesperson_758,Territory_19,1230216
Salesperson_759,Territory_15,4962139
Salesperson_760,Territory_12,259885
Salesperson_761,Territory_20,2776164
Salesperson_762,Territory_13,1789828
Salesperson_763,Territory_12,3366488
Salesperson_764,Territory_4,4237658
Salesperson_765,Territory_20,2830476
Salesperson_766,Territory_17,1023424
Salesperson_767,Territory_10,4164543
Salesperson_768,Territory_3,3280013
Salesperson_769,Territory_10,4606942
Salesperson_770,Territory_16,1036711
Salesperson_771,Territory_22,3490528
Salesperson_772,Territory_4,1870112
Salesperson_773,Territory_15,1365956
Salesperson_774,Territory_23,4988342
Salesperson_775,Territory_16,1331238
Salesperson_776,Territory_19,72298
Salesperson_777,Territory_17,2914398
Salesperson_778,Territory_21,2543295
Salesperson_779,Territory_7,1212109
Salesperson_780,Territory_11,628474
Salesperson_781,Territory_2,3523521
Salesperson_782,Territory_7,3336250
Salesperson_783,Territory_23,895755
Salesperson_784,Territory_5,1723102
Salesperson_785,Territory_25,3433995
Salesperson_786,Territory_17,3976550
Salesperson_787,Territory_21,3006974
Salesperson_788,Territory_3,3681914
Salesperson_789,Territory_5,384841
Salesperson_790,Territory_3,3860374
Salesperson_791,Territory_10,1246859
Salesperson_792,Territory_20,1873737
Salesperson_793,Territory_18,827610
Salesperson_794,Territory_12,3237909
Salesperson_795,Territory_4,2660097
Salesperson_796,Territory_8,1450581
Salesperson_797,Territory_19,4953473
Salesperson_798,Territory_25,1626806
Salesperson_799,Territory_4,1169259
Salesperson_800,Territory_1,1052457
Salesperson_801,Territory_16,4485502
Salesperson_802,Territory_20,3627270
Salesperson_803,Territory_13,2235690
Salesperson_804,Territory_22,3488090
Salesperson_805,Territory_14,4887188
Salesperson_806,Territory_22,3143343
Salesperson_807,Territory_24,2722690
Salesperson_808,Territory_23,4770180
Salesperson_809,Territory_16,1447641
Salesperson_810,Territory_13,4234273
Salesperson_811,Territory_12,4236760
Salesperson_812,Territory_13,3809952
Salesperson_813,Territory_12,4587304
Salesperson_814,Territory_6,2619862
Salesperson_815,Territory_2,4086135
Salesperson_816,Territory_13,653665
Salesperson_817,Territory_20,4074494
Salesperson_818,Territory_15,3946255
Salesperson_819,Territory_23,1564062
Salesperson_820,Territory_25,1776510
Salesperson_821,Territory_14,2718189
Salesperson_822,Territory_1,1244889
Salesperson_823,Territory_15,2751636
Salesperson_824,Territory_11,2825338
Salesperson_825,Territory_2,4158674
Salesperson_826,Territory_5,4119020
Salesperson_827,Territory_3,3598560
Salesperson_828,Territory_17,848814
Salesperson_829,Territory_6,4597727
Salesperson_830,Territory_20,982685
Salesperson_831,Territory_13,3638430
Salesperson_832,Territory_8,1283512
Salesperson_833,Territory_18,3185515
Salesperson_834,Territory_10,908495
Salesperson_835,Territory_25,218644
Salesperson_836,Territory_7,2886204
Salesperson_837,Territory_19,4867657
Salesperson_838,Territory_10,2748462
Salesperson_839,Territory_5,599884
Salesperson_840,Territory_21,1088470
Salesperson_841,Territory_13,3892051
Salesperson_842,Territory_2,1309841
Salesperson_843,Territory_10,2052739
Salesperson_844,Territory_1,4248895
Salesperson_845,Territory_20,582147
Salesperson_846,Territory_13,2783106
Salesperson_847,Territory_4,3211012
Salesperson_848,Territory_21,2706061
Salesperson_849,Territory_9,173158
Salesperson_850,Territory_12,3526857
Salesperson_851,Territory_9,2955465
Salesperson_852,Territory_2,228089
Salesperson_853,Territory_14,4866677
Salesperson_854,Territory_23,370045
Salesperson_855,Territory_24,1919925
Salesperson_856,Territory_23,2848920
Salesperson_857,Territory_18,3494138
Salesperson_858,Territory_5,2961186
Salesperson_859,Territory_4,4765593
Salesperson_860,Territory_3,305020
Salesperson_861,Territory_15,4647504
Salesperson_862,Territory_16,604594
Salesperson_863,Territory_18,3361865
Salesperson_864,Territory_11,2601597
Salesperson_865,Territory_10,687699
Salesperson_866,Territory_22,4962145
Salesperson_867,Territory_16,3402251
Salesperson_868,Territory_23,1721582
Salesperson_869,Territory_14,2176826
Salesperson_870,Territory_14,2498955
Salesperson_871,Territory_5,1622167
Salesperson_872,Territory_19,1978215
Salesperson_873,Territory_16,3262262
Salesperson_874,Territory_9,826416
Salesperson_875,Territory_11,3751634
Salesperson_876,Territory_1,4959172
Salesperson_877,Territory_24,1285978
Salesperson_878,Territory_10,4535235
Salesperson_879,Territory_17,4575811
Salesperson_880,Territory_12,3412695
Salesperson_881,Territory_22,4598832
Salesperson_882,Territory_14,1948253
Salesperson_883,Territory_21,3500224
Salesperson_884,Territory_12,2052389
Salesperson_885,Territory_25,3703612
Salesperson_886,Territory_10,3190494
Salesperson_887,Territory_11,2528269
Salesperson_888,Territory_4,4959249
Salesperson_889,Territory_6,4880490
Salesperson_890,Territory_10,3001285
Salesperson_891,Territory_1,1190787
Salesperson_892,Territory_16,4114008
Salesperson_893,Territory_14,354949
Salesperson_894,Territory_9,2805458
Salesperson_895,Territory_24,1464861
Salesperson_896,Territory_7,3418054
Salesperson_897,Territory_14,803154
Salesperson_898,Territory_7,1254146
Salesperson_899,Territory_9,3225733
Salesperson_900,Territory_21,3525196
Salesperson_901,Territory_8,334314
Salesperson_902,Territory_25,1320324
Salesperson_903,Territory_23,944180
Salesperson_904,Territory_11,1806252
Salesperson_905,Territory_11,4647275
Salesperson_906,Territory_10,3469625
Salesperson_907,Territory_22,1964149
Salesperson_908,Territory_9,4924002
Salesperson_909,Territory_10,4085623
Salesperson_910,Territory_10,3491187
Salesperson_911,Territory_14,2780871
Salesperson_912,Territory_12,202334
Salesperson_913,Territory_20,870639
Salesperson_914,Territory_5,1021898
Salesperson_915,Territory_10,407285
Salesperson_916,Territory_23,4541449
Salesperson_917,Territory_1,1833795
Salesperson_918,Territory_1,379876
Salesperson_919,Territory_11,248201
Salesperson_920,Territory_9,1896684
Salesperson_921,Territory_22,3077056
Salesperson_922,Territory_7,4153966
Salesperson_923,Territory_15,321922
Salesperson_924,Territory_17,628571
Salesperson_925,Territory_20,4186746
Salesperson_926,Territory_23,2620428
Salesperson_927,Territory_4,1376986
Salesperson_928,Territory_11,2833249
Salesperson_929,Territory_6,120093
Salesperson_930,Territory_11,110625
Salesperson_931,Territory_16,892276
Salesperson_932,Territory_17,38992
Salesperson_933,Territory_14,3867447
Salesperson_934,Territory_6,3500285
Salesperson_935,Territory_12,670891
Salesperson_936,Territory_8,3167283
Salesperson_937,Territory_8,2050773
Salesperson_938,Territory_9,4660571
Salesperson_939,Territory_19,251654
Salesperson_940,Territory_23,1590963
Salesperson_941,Territory_15,3396326
Salesperson_942,Territory_8,1399907
Salesperson_943,Territory_3,1338592
Salesperson_944,Territory_18,2165664
Salesperson_945,Territory_13,1898513
Salesperson_946,Territory_4,3728783
Salesperson_947,Territory_2,4906664
Salesperson_948,Territory_4,2242964
Salesperson_949,Territory_20,1106886
Salesperson_950,Territory_10,562857
Salesperson_951,Territory_14,218489
Salesperson_952,Territory_5,1882268
Salesperson_953,Territory_25,644935
Salesperson_954,Territory_9,407708
Salesperson_955,Territory_2,679179
Salesperson_956,Territory_1,954854
Salesperson_957,Territory_9,247276
Salesperson_958,Territory_18,1346830
Salesperson_959,Territory_1,3662120
Salesperson_960,Territory_22,1116240
Salesperson_961,Territory_24,3208813
Salesperson_962,Territory_22,634676
Salesperson_963,Territory_23,4157125
Salesperson_964,Territory_24,3754148
Salesperson_965,Territory_16,3132176
Salesperson_966,Territory_13,3783213
Salesperson_967,Territory_11,4423964
Salesperson_968,Territory_12,1744765
Salesperson_969,Territory_24,4735602
Salesperson_970,Territory_4,1631725
Salesperson_971,Territory_19,3224875
Salesperson_972,Territory_17,2778522
Salesperson_973,Territory_13,2483657
Salesperson_974,Territory_7,3466007
Salesperson_975,Territory_14,4065484
Salesperson_976,Territory_11,4801003
Salesperson_977,Territory_8,4099031
Salesperson_978,Territory_13,301969
Salesperson_979,Territory_15,58217
Salesperson_980,Territory_15,4821757
Salesperson_981,Territory_7,2695317
Salesperson_982,Territory_18,606502
Salesperson_983,Territory_22,3861953
Salesperson_984,Territory_10,137640
Salesperson_985,Territory_1,3245713
Salesperson_986,Territory_1,2135495
Salesperson_987,Territory_19,4084162
Salesperson_988,Territory_22,471055
Salesperson_989,Territory_2,4235410
Salesperson_990,Territory_6,2760502
Salesperson_991,Territory_11,539556
Salesperson_992,Territory_7,1726399
Salesperson_993,Territory_23,1278488
Salesperson_994,Territory_4,1413919
Salesperson_995,Territory_10,2768641
Salesperson_996,Territory_18,2989795
Salesperson_997,Territory_17,4841680
Salesperson_998,Territory_17,2679872
Salesperson_999,Territory_24,1208676
Salesperson_1000,Territory_2,3297925
Salesperson_1001,Territory_22,3193249
Salesperson_1002,Territory_24,4746067
Salesperson_1003,Territory_8,2410850
Salesperson_1004,Territory_15,1229445
Salesperson_1005,Territory_10,4232250
Salesperson_1006,Territory_8,3684280
Salesperson_1007,Territory_14,3222240
Salesperson_1008,Territory_23,2108754
Salesperson_1009,Territory_1,2513980
Salesperson_1010,Territory_18,420205
Salesperson_1011,Territory_20,2614516
Salesperson_1012,Territory_10,2710697
Salesperson_1013,Territory_8,3484779
Salesperson_1014,Territory_9,4893184
Salesperson_1015,Territory_7,832715
Salesperson_1016,Territory_7,3277897
Salesperson_1017,Territory_9,3303735
Salesperson_1018,Territory_14,182754
Salesperson_1019,Territory_1,2128357
Salesperson_1020,Territory_7,581388
Salesperson_1021,Territory_18,763280
Salesperson_1022,Territory_24,1315861
Salesperson_1023,Territory_10,4177981
Salesperson_1024,Territory_15,111213
Salesperson_1025,Territory_25,40646
Salesperson_1026,Territory_14,577786
Salesperson_1027,Territory_4,2032152
Salesperson_1028,Territory_1,434958
Salesperson_1029,Territory_20,4864693
Salesperson_1030,Territory_24,2451250
Salesperson_1031,Territory_1,330986
Salesperson_1032,Territory_14,2733702
Salesperson_1033,Territory_25,3795325
Salesperson_1034,Territory_3,3868451
Salesperson_1035,Territory_19,447071
Salesperson_1036,Territory_22,4123811
Salesperson_1037,Territory_23,1647648
Salesperson_1038,Territory_6,678014
Salesperson_1039,Territory_22,413776
Salesperson_1040,Territory_9,2370238
Salesperson_1041,Territory_13,4543588
Salesperson_1042,Territory_1,1855297
Salesperson_1043,Territory_19,2338487
Salesperson_1044,Territory_23,3925053
Salesperson_1045,Territory_7,4454200
Salesperson_1046,Territory_20,658290
Salesperson_1047,Territory_7,2278276
Salesperson_1048,Territory_25,1603968
Salesperson_1049,Territory_13,2033450
Salesperson_1050,Territory_2,1614759
Salesperson_1051,Territory_6,3719743
Salesperson_1052,Territory_14,607822
Salesperson_1053,Territory_22,379835
Salesperson_1054,Territory_1,3086891
Salesperson_1055,Territory_10,523550
Salesperson_1056,Territory_19,532058
Salesperson_1057,Territory_9,703258
Salesperson_1058,Territory_18,1535114
Salesperson_1059,Territory_16,1784921
Salesperson_1060,Territory_22,2668395
Salesperson_1061,Territory_19,3523430
Salesperson_1062,Territory_22,1789980
Salesperson_1063,Territory_12,888770
Salesperson_1064,Territory_25,1350721
Salesperson_1065,Territory_5,1255175
Salesperson_1066,Territory_21,4613668
Salesperson_1067,Territory_6,2179596
Salesperson_1068,Territory_3,4882241
Salesperson_1069,Territory_1,3311502
Salesperson_1070,Territory_3,3199965
Salesperson_1071,Territory_10,893414
Salesperson_1072,Territory_4,197507
Salesperson_1073,Territory_10,3987106
Salesperson_1074,Territory_1,555177
Salesperson_1075,Territory_22,4698343
Salesperson_1076,Territory_25,707440
Salesperson_1077,Territory_7,2755793
Salesperson_1078,Territory_25,3534559
Salesperson_1079,Territory_10,4683579
Salesperson_1080,Territory_7,3421408
Salesperson_1081,Territory_24,3501398
Salesperson_1082,Territory_11,2094278
Salesperson_1083,Territory_10,2906390
Salesperson_1084,Territory_10,2783199
Salesperson_1085,Territory_3,4502058
Salesperson_1086,Territory_5,3628605
Salesperson_1087,Territory_15,3922101
Salesperson_1088,Territory_3,2502575
Salesperson_1089,Territory_15,4033158
Salesperson_1090,Territory_4,503290
Salesperson_1091,Territory_10,939064
Salesperson_1092,Territory_17,2090461
Salesperson_1093,Territory_18,4767730
Salesperson_1094,Territory_12,4588087
Salesperson_1095,Territory_15,3414988
Salesperson_1096,Territory_15,3943192
Salesperson_1097,Territory_9,415210
Salesperson_1098,Territory_15,3290273
Salesperson_1099,Territory_4,83698
Salesperson_1100,Territory_9,2500449
Salesperson_1101,Territory_6,925806
Salesperson_1102,Territory_4,2916197
Salesperson_1103,Territory_20,4686274
Salesperson_1104,Territory_13,1356178
Salesperson_1105,Territory_23,4696908
Salesperson_1106,Territory_21,1637978
Salesperson_1107,Territory_25,2335052
Salesperson_1108,Territory_13,2939493
Salesperson_1109,Territory_19,4572837
Salesperson_1110,Territory_13,2577231
Salesperson_1111,Territory_18,1017570
Salesperson_1112,Territory_24,3593632
Salesperson_1113,Territory_18,3146361
Salesperson_1114,Territory_19,3898662
Salesperson_1115,Territory_18,979903
Salesperson_1116,Territory_10,2488045
Salesperson_1117,Territory_6,4161992
Salesperson_1118,Territory_11,1003936
Salesperson_1119,Territory_16,1199799
Salesperson_1120,Territory_18,133511
Salesperson_1121,Territory_19,609688
Salesperson_1122,Territory_18,994661
Salesperson_1123,Territory_3,1811417
Salesperson_1124,Territory_18,3499751
Salesperson_1125,Territory_13,4919526
Salesperson_1126,Territory_11,3230693
Salesperson_1127,Territory_2,4195774
Salesperson_1128,Territory_9,1589205
Salesperson_1129,Territory_18,546279
Salesperson_1130,Territory_8,4923298
Salesperson_1131,Territory_25,3847568
Salesperson_1132,Territory_3,2700025
Salesperson_1133,Territory_23,1120050
Salesperson_1134,Territory_6,253066
Salesperson_1135,Territory_5,2003436
Salesperson_1136,Territory_11,532624
Salesperson_1137,Territory_21,2977805
Salesperson_1138,Territory_14,3069779
Salesperson_1139,Territory_9,1448628
Salesperson_1140,Territory_2,1313680
Salesperson_1141,Territory_20,1079367
Salesperson_1142,Territory_23,307289
Salesperson_1143,Territory_18,4375558
Salesperson_1144,Territory_23,157607
Salesperson_1145,Territory_8,1021942
Salesperson_1146,Territory_20,4314873
Salesperson_1147,Territory_24,123804
Salesperson_1148,Territory_22,4782944
Salesperson_1149,Territory_14,3238793
Salesperson_1150,Territory_5,381895
Salesperson_1151,Territory_17,4534430
Salesperson_1152,Territory_23,3604899
Salesperson_1153,Territory_13,3115999
Salesperson_1154,Territory_24,4706114
Salesperson_1155,Territory_14,1170876
Salesperson_1156,Territory_25,695131
Salesperson_1157,Territory_22,3551762
Salesperson_1158,Territory_16,1145931
Salesperson_1159,Territory_10,618325
Salesperson_1160,Territory_14,698118
Salesperson_1161,Territory_21,3097579
Salesperson_1162,Territory_19,3958044
Salesperson_1163,Territory_9,1986944
Salesperson_1164,Territory_15,1366531
Salesperson_1165,Territory_24,460513
Salesperson_1166,Territory_20,1450951
Salesperson_1167,Territory_1,339658
Salesperson_1168,Territory_8,4984856
Salesperson_1169,Territory_14,2662965
Salesperson_1170,Territory_9,4532331
Salesperson_1171,Territory_10,3324054
Salesperson_1172,Territory_20,4258200
Salesperson_1173,Territory_9,4144791
Salesperson_1174,Territory_23,3239770
Salesperson_1175,Territory_8,4335867
Salesperson_1176,Territory_13,4643532
Salesperson_1177,Territory_9,3083184
Salesperson_1178,Territory_10,1141334
Salesperson_1179,Territory_1,4326847
Salesperson_1180,Territory_14,1240401
Salesperson_1181,Territory_15,1419722
Salesperson_1182,Territory_22,569187
Salesperson_1183,Territory_8,3945367
Salesperson_1184,Territory_19,3651464
Salesperson_1185,Territory_12,1539130
Salesperson_1186,Territory_7,2923248
Salesperson_1187,Territory_14,1122955
Salesperson_1188,Territory_7,1264336
Salesperson_1189,Territory_11,3592115
Salesperson_1190,Territory_4,2260445
Salesperson_1191,Territory_10,3892382
Salesperson_1192,Territory_14,4395545
Salesperson_1193,Territory_13,1195812
Salesperson_1194,Territory_6,3326174
Salesperson_1195,Territory_6,4012845
Salesperson_1196,Territory_10,652877
Salesperson_1197,Territory_9,1032562
Salesperson_1198,Territory_19,3265186
Salesperson_1199,Territory_22,183942
Salesperson_1200,Territory_5,3372827
Salesperson_1201,Territory_4,2340118
Salesperson_1202,Territory_24,3217305
Salesperson_1203,Territory_20,4854290
Salesperson_1204,Territory_14,949104
Salesperson_1205,Territory_4,1773216
Salesperson_1206,Territory_20,1835465
Salesperson_1207,Territory_3,2366543
Salesperson_1208,Territory_19,2644367
Salesperson_1209,Territory_7,4704690
Salesperson_1210,Territory_25,2808243
Salesperson_1211,Territory_11,3910713
Salesperson_1212,Territory_17,3751250
Salesperson_1213,Territory_7,249746
Salesperson_1214,Territory_18,4043907
Salesperson_1215,Territory_2,981950
Salesperson_1216,Territory_25,4506357
Salesperson_1217,Territory_16,4331856
Salesperson_1218,Territory_11,1262852
Salesperson_1219,Territory_20,2280933
Salesperson_1220,Territory_14,2770052
Salesperson_1221,Territory_24,2208140
Salesperson_1222,Territory_5,1866876
Salesperson_1223,Territory_20,888352
Salesperson_1224,Territory_7,1070046
Salesperson_1225,Territory_17,2577310
Salesperson_1226,Territory_3,1585774
Salesperson_1227,Territory_17,3962182
Salesperson_1228,Territory_21,1781705
Salesperson_1229,Territory_25,1500446
Salesperson_1230,Territory_24,710328
Salesperson_1231,Territory_1,4462991
Salesperson_1232,Territory_23,822135
Salesperson_1233,Territory_5,4921241
Salesperson_1234,Territory_14,464379
Salesperson_1235,Territory_15,3320684
Salesperson_1236,Territory_15,4730904
Salesperson_1237,Territory_14,1635745
Salesperson_1238,Territory_8,567129
Salesperson_1239,Territory_15,4075299
Salesperson_1240,Territory_7,3947764
Salesperson_1241,Territory_5,3058514
Salesperson_1242,Territory_4,3222485
Salesperson_1243,Territory_25,1539087
Salesperson_1244,Territory_9,455187
Salesperson_1245,Territory_7,4058424
Salesperson_1246,Territory_23,1945036
Salesperson_1247,Territory_21,4075341
Salesperson_1248,Territory_6,2439823
Salesperson_1249,Territory_3,1856218
Salesperson_1250,Territory_21,3284195
Salesperson_1251,Territory_15,4513061
Salesperson_1252,Territory_19,315157
Salesperson_1253,Territory_21,1436374
Salesperson_1254,Territory_18,4459452
Salesperson_1255,Territory_9,2543174
Salesperson_1256,Territory_1,3232709
Salesperson_1257,Territory_6,4805359
Salesperson_1258,Territory_12,2243658
Salesperson_1259,Territory_10,1686810
Salesperson_1260,Territory_19,311325
Salesperson_1261,Territory_9,210545
Salesperson_1262,Territory_21,1296795
Salesperson_1263,Territory_8,3321879
Salesperson_1264,Territory_17,587554
Salesperson_1265,Territory_8,2435336
Salesperson_1266,Territory_21,3988859
Salesperson_1267,Territory_16,227860
Salesperson_1268,Territory_14,1993962
Salesperson_1269,Territory_14,1350133
Salesperson_1270,Territory_24,2888395
Salesperson_1271,Territory_16,882582
Salesperson_1272,Territory_16,3811272
Salesperson_1273,Territory_21,1638521
Salesperson_1274,Territory_17,2824271
Salesperson_1275,Territory_7,2445875
Salesperson_1276,Territory_16,4182012
Salesperson_1277,Territory_6,304065
Salesperson_1278,Territory_24,164211
Salesperson_1279,Territory_6,3750678
Salesperson_1280,Territory_4,4783513
Salesperson_1281,Territory_15,1741723
Salesperson_1282,Territory_24,1932118
Salesperson_1283,Territory_10,858892
Salesperson_1284,Territory_13,2160228
Salesperson_1285,Territory_13,627859
Salesperson_1286,Territory_6,4657018
Salesperson_1287,Territory_12,2290859
Salesperson_1288,Territory_5,1989467
Salesperson_1289,Territory_6,2971821
Salesperson_1290,Territory_2,4731028
Salesperson_1291,Territory_10,3663876
Salesperson_1292,Territory_4,714716
Salesperson_1293,Territory_22,2027633
Salesperson_1294,Territory_4,2613056
Salesperson_1295,Territory_20,2547857
Salesperson_1296,Territory_10,3583966
Salesperson_1297,Territory_20,2687296
Salesperson_1298,Territory_21,3012930
Salesperson_1299,Territory_22,2167786
Salesperson_1300,Territory_22,1103352
Salesperson_1301,Territory_15,2565523
Salesperson_1302,Territory_4,4856942
Salesperson_1303,Territory_5,1796545
Salesperson_1304,Territory_20,4683564
Salesperson_1305,Territory_3,467139
Salesperson_1306,Territory_17,4991374
Salesperson_1307,Territory_4,2446706
Salesperson_1308,Territory_4,1361122
Salesperson_1309,Territory_5,2203041
Salesperson_1310,Territory_20,2519284
Salesperson_1311,Territory_10,2102906
Salesperson_1312,Territory_19,3808512
Salesperson_1313,Territory_6,3656752
Salesperson_1314,Territory_2,947704
Salesperson_1315,Territory_11,4010290
Salesperson_1316,Territory_20,4551961
Salesperson_1317,Territory_16,4939758
Salesperson_1318,Territory_4,1498179
Salesperson_1319,Territory_4,4340732
Salesperson_1320,Territory_15,4621908
Salesperson_1321,Territory_3,3904584
Salesperson_1322,Territory_9,2265214
Salesperson_1323,Territory_11,1688059
Salesperson_1324,Territory_8,2348848
Salesperson_1325,Territory_18,2465387
Salesperson_1326,Territory_2,921327
Salesperson_1327,Territory_22,4225851
Salesperson_1328,Territory_16,845880
Salesperson_1329,Territory_5,4701126
Salesperson_1330,Territory_8,894431
Salesperson_1331,Territory_25,4055037
Salesperson_1332,Territory_9,550092
Salesperson_1333,Territory_3,1535391
Salesperson_1334,Territory_15,2818406
Salesperson_1335,Territory_9,976250
Salesperson_1336,Territory_11,4364139
Salesperson_1337,Territory_5,4098245
Salesperson_1338,Territory_25,4783851
Salesperson_1339,Territory_7,4768882
Salesperson_1340,Territory_9,3968299
Salesperson_1341,Territory_8,2799448
Salesperson_1342,Territory_25,1955180
Salesperson_1343,Territory_12,3138045
Salesperson_1344,Territory_19,2653116
Salesperson_1345,Territory_17,2548499
Salesperson_1346,Territory_24,3488674
Salesperson_1347,Territory_7,3173228
Salesperson_1348,Territory_7,4237897
Salesperson_1349,Territory_18,3081956
Salesperson_1350,Territory_23,1112157
Salesperson_1351,Territory_7,2524999
Salesperson_1352,Territory_18,4340122
Salesperson_1353,Territory_16,4435126
Salesperson_1354,Territory_4,1969459
Salesperson_1355,Territory_20,993273
Salesperson_1356,Territory_6,556240
Salesperson_1357,Territory_5,2644125
Salesperson_1358,Territory_15,1183304
Salesperson_1359,Territory_5,599765
Salesperson_1360,Territory_3,2162726
Salesperson_1361,Territory_16,2623272
Salesperson_1362,Territory_13,1079159
Salesperson_1363,Territory_16,2171052
Salesperson_1364,Territory_17,2570381
Salesperson_1365,Territory_12,1157368
Salesperson_1366,Territory_7,4975593
Salesperson_1367,Territory_9,4081923
Salesperson_1368,Territory_25,1540765
Salesperson_1369,Territory_13,3989017
Salesperson_1370,Territory_9,1576130
Salesperson_1371,Territory_13,3972288
Salesperson_1372,Territory_8,1573080
Salesperson_1373,Territory_24,4325397
Salesperson_1374,Territory_20,575835
Salesperson_1375,Territory_15,905245
Salesperson_1376,Territory_20,4153197
Salesperson_1377,Territory_18,4782311
Salesperson_1378,Territory_4,1255963
Salesperson_1379,Territory_18,1823861
Salesperson_1380,Territory_10,4818832
Salesperson_1381,Territory_18,2995158
Salesperson_1382,Territory_18,3446033
Salesperson_1383,Territory_1,2658162
Salesperson_1384,Territory_19,1944700
Salesperson_1385,Territory_25,2400689
Salesperson_1386,Territory_8,4299351
Salesperson_1387,Territory_22,4652876
Salesperson_1388,Territory_10,1409176
Salesperson_1389,Territory_11,4792471
Salesperson_1390,Territory_13,4178896
Salesperson_1391,Territory_19,2282628
Salesperson_1392,Territory_19,2197568
Salesperson_1393,Territory_24,3868437
Salesperson_1394,Territory_15,3361826
Salesperson_1395,Territory_8,1760376
Salesperson_1396,Territory_23,2160835
Salesperson_1397,Territory_18,3125447
Salesperson_1398,Territory_15,1232206
Salesperson_1399,Territory_16,4754039
Salesperson_1400,Territory_21,740976
Salesperson_1401,Territory_13,1549598
Salesperson_1402,Territory_13,100454
Salesperson_1403,Territory_1,1870828
Salesperson_1404,Territory_3,604601
Salesperson_1405,Territory_10,107858
Salesperson_1406,Territory_10,2371736
Salesperson_1407,Territory_2,4233347
Salesperson_1408,Territory_25,1470865
Salesperson_1409,Territory_20,2836128
Salesperson_1410,Territory_20,3471402
Salesperson_1411,Territory_1,2586608
Salesperson_1412,Territory_13,2862616
Salesperson_1413,Territory_24,340964
Salesperson_1414,Territory_5,579957
Salesperson_1415,Territory_7,1687359
Salesperson_1416,Territory_13,2507210
Salesperson_1417,Territory_13,4396706
Salesperson_1418,Territory_12,4161499
Salesperson_1419,Territory_19,937364
Salesperson_1420,Territory_14,555915
Salesperson_1421,Territory_12,1659050
Salesperson_1422,Territory_23,3305814
Salesperson_1423,Territory_5,3217939
Salesperson_1424,Territory_15,853679
Salesperson_1425,Territory_20,1107992
Salesperson_1426,Territory_21,1440271
Salesperson_1427,Territory_5,730924
Salesperson_1428,Territory_9,2978314
Salesperson_1429,Territory_13,1033509
Salesperson_1430,Territory_12,2857862
Salesperson_1431,Territory_9,765947
Salesperson_1432,Territory_12,156692
Salesperson_1433,Territory_5,1927228
Salesperson_1434,Territory_17,550005
Salesperson_1435,Territory_7,925567
Salesperson_1436,Territory_20,3584328
Salesperson_1437,Territory_17,3936072
Salesperson_1438,Territory_21,4710894
Salesperson_1439,Territory_15,3682427
Salesperson_1440,Territory_9,4917050
Salesperson_1441,Territory_2,2382175
Salesperson_1442,Territory_1,3503588
Salesperson_1443,Territory_7,835382
Salesperson_1444,Territory_2,1003136
Salesperson_1445,Territory_22,2126558
Salesperson_1446,Territory_4,2012206
Salesperson_1447,Territory_7,3986072
Salesperson_1448,Territory_8,1953358
Salesperson_1449,Territory_22,2910907
Salesperson_1450,Territory_4,2275685
Salesperson_1451,Territory_5,935871
Salesperson_1452,Territory_21,4834391
Salesperson_1453,Territory_4,226385
Salesperson_1454,Territory_4,1379364
Salesperson_1455,Territory_10,2605909
Salesperson_1456,Territory_10,1570960
Salesperson_1457,Territory_17,3564473
Salesperson_1458,Territory_10,1621698
Salesperson_1459,Territory_19,3547703
Salesperson_1460,Territory_4,2395649
Salesperson_1461,Territory_16,2892999
Salesperson_1462,Territory_16,1979868
Salesperson_1463,Territory_20,3867152
Salesperson_1464,Territory_10,4712306
Salesperson_1465,Territory_8,3904249
Salesperson_1466,Territory_2,2209855
Salesperson_1467,Territory_10,3161869
Salesperson_1468,Territory_19,780310
Salesperson_1469,Territory_13,1906726
Salesperson_1470,Territory_11,3436694
Salesperson_1471,Territory_13,4085221
Salesperson_1472,Territory_5,3341361
Salesperson_1473,Territory_12,1101474
Salesperson_1474,Territory_24,110638
Salesperson_1475,Territory_1,1403800
Salesperson_1476,Territory_11,3940651
Salesperson_1477,Territory_5,1543386
Salesperson_1478,Territory_20,1547661
Salesperson_1479,Territory_17,4345497
Salesperson_1480,Territory_4,1781951
Salesperson_1481,Territory_16,2785271
Salesperson_1482,Territory_12,2015623
Salesperson_1483,Territory_12,1194113
Salesperson_1484,Territory_19,4543228
Salesperson_1485,Territory_2,2803270
Salesperson_1486,Territory_19,3167844
Salesperson_1487,Territory_20,3466432
Salesperson_1488,Territory_19,1876077
Salesperson_1489,Territory_1,1675646
Salesperson_1490,Territory_8,4503159
Salesperson_1491,Territory_14,313622
Salesperson_1492,Territory_10,3418928
Salesperson_1493,Territory_8,3812722
Salesperson_1494,Territory_20,3356770
Salesperson_1495,Territory_6,672705
Salesperson_1496,Territory_22,4927307
Salesperson_1497,Territory_1,2758453
Salesperson_1498,Territory_24,3624622
Salesperson_1499,Territory_8,3865747
Salesperson_1500,Territory_1,3074393
Salesperson_1501,Territory_20,895563
Salesperson_1502,Territory_19,1954376
Salesperson_1503,Territory_24,2556568
Salesperson_1504,Territory_1,621443
Salesperson_1505,Territory_24,2444776
Salesperson_1506,Territory_16,1838674
Salesperson_1507,Territory_23,2232876
Salesperson_1508,Territory_15,3379510
Salesperson_1509,Territory_5,4603095
Salesperson_1510,Territory_10,2356891
Salesperson_1511,Territory_10,2017489
Salesperson_1512,Territory_10,3010904
Salesperson_1513,Territory_5,4610127
Salesperson_1514,Territory_10,245447
Salesperson_1515,Territory_4,556680
Salesperson_1516,Territory_14,73066
Salesperson_1517,Territory_24,3803300
Salesperson_1518,Territory_15,2127545
Salesperson_1519,Territory_8,3673264
Salesperson_1520,Territory_16,2647153
Salesperson_1521,Territory_9,1080352
Salesperson_1522,Territory_19,1134619
Salesperson_1523,Territory_9,3660563
Salesperson_1524,Territory_22,2135958
Salesperson_1525,Territory_11,3273317
Salesperson_1526,Territory_9,140902
Salesperson_1527,Territory_20,4205323
Salesperson_1528,Territory_24,520565
Salesperson_1529,Territory_11,82602
Salesperson_1530,Territory_10,269723
Salesperson_1531,Territory_8,716233
Salesperson_1532,Territory_15,2855528
Salesperson_1533,Territory_18,4770770
Salesperson_1534,Territory_21,4183822
Salesperson_1535,Territory_24,4272969
Salesperson_1536,Territory_17,2778700
Salesperson_1537,Territory_22,1850584
Salesperson_1538,Territory_4,4406904
Salesperson_1539,Territory_22,340182
Salesperson_1540,Territory_18,3463869
Salesperson_1541,Territory_10,2260312
Salesperson_1542,Territory_11,4755744
Salesperson_1543,Territory_20,3311727
Salesperson_1544,Territory_24,1083124
Salesperson_1545,Territory_21,1484848
Salesperson_1546,Territory_3,2634223
Salesperson_1547,Territory_25,4671535
Salesperson_1548,Territory_16,3841433
Salesperson_1549,Territory_19,2387305
Salesperson_1550,Territory_1,4674183
Salesperson_1551,Territory_6,2942622
Salesperson_1552,Territory_2,2994448
Salesperson_1553,Territory_3,632271
Salesperson_1554,Territory_16,2486440
Salesperson_1555,Territory_12,4922101
Salesperson_1556,Territory_1,4734325
Salesperson_1557,Territory_8,1172095
Salesperson_1558,Territory_14,1515170
Salesperson_1559,Territory_3,644690
Salesperson_1560,Territory_21,3319031
Salesperson_1561,Territory_23,3769799
Salesperson_1562,Territory_4,377818
Salesperson_1563,Territory_11,366739
Salesperson_1564,Territory_17,4468204
Salesperson_1565,Territory_17,1052879
Salesperson_1566,Territory_22,969369
Salesperson_1567,Territory_3,4237132
Salesperson_1568,Territory_13,2086498
Salesperson_1569,Territory_14,1907028
Salesperson_1570,Territory_11,3823995
Salesperson_1571,Territory_13,3372066
Salesperson_1572,Territory_19,661887
Salesperson_1573,Territory_7,1664944
Salesperson_1574,Territory_8,81337
Salesperson_1575,Territory_22,4511309
Salesperson_1576,Territory_24,3846048
Salesperson_1577,Territory_10,1456942
Salesperson_1578,Territory_21,1742441
Salesperson_1579,Territory_11,3382842
Salesperson_1580,Territory_7,1502292
Salesperson_1581,Territory_16,4588889
Salesperson_1582,Territory_2,3518302
Salesperson_1583,Territory_7,2143273
Salesperson_1584,Territory_12,57461
Salesperson_1585,Territory_13,2658351
Salesperson_1586,Territory_6,4280201
Salesperson_1587,Territory_14,3718068
Salesperson_1588,Territory_23,3080375
Salesperson_1589,Territory_16,2082723
Salesperson_1590,Territory_4,4301192
Salesperson_1591,Territory_12,2276208
Salesperson_1592,Territory_9,1876547
Salesperson_1593,Territory_4,3452502
Salesperson_1594,Territory_18,3179736
Salesperson_1595,Territory_12,2125500
Salesperson_1596,Territory_19,3985317
Salesperson_1597,Territory_21,927318
Salesperson_1598,Territory_16,1342474
Salesperson_1599,Territory_7,4536310
Salesperson_1600,Territory_6,139611
Salesperson_1601,Territory_11,3452285
Salesperson_1602,Territory_16,4018480
Salesperson_1603,Territory_11,4681423
Salesperson_1604,Territory_18,3889605
Salesperson_1605,Territory_21,59423
Salesperson_1606,Territory_11,2206594
Salesperson_1607,Territory_2,1614725
Salesperson_1608,Territory_22,133017
Salesperson_1609,Territory_21,4139902
Salesperson_1610,Territory_12,1572121
Salesperson_1611,Territory_4,2741374
Salesperson_1612,Territory_13,1827016
Salesperson_1613,Territory_7,2842116
Salesperson_1614,Territory_9,4221194
Salesperson_1615,Territory_12,1868661
Salesperson_1616,Territory_21,796561
Salesperson_1617,Territory_19,4930566
Salesperson_1618,Territory_4,4692222
Salesperson_1619,Territory_22,4387978
Salesperson_1620,Territory_20,2960424
Salesperson_1621,Territory_2,226687
Salesperson_1622,Territory_16,1308678
Salesperson_1623,Territory_7,4432193
Salesperson_1624,Territory_12,2795879
Salesperson_1625,Territory_4,3147701
Salesperson_1626,Territory_8,2369139
Salesperson_1627,Territory_3,468346
Salesperson_1628,Territory_22,326681
Salesperson_1629,Territory_8,2430295
Salesperson_1630,Territory_11,266496
Salesperson_1631,Territory_14,2561207
Salesperson_1632,Territory_7,1690937
Salesperson_1633,Territory_1,4325795
Salesperson_1634,Territory_17,2222369
Salesperson_1635,Territory_21,2163699
Salesperson_1636,Territory_8,4004080
Salesperson_1637,Territory_12,501622
Salesperson_1638,Territory_15,4392842
Salesperson_1639,Territory_9,1255370
Salesperson_1640,Territory_5,1351507
Salesperson_1641,Territory_25,2458071
Salesperson_1642,Territory_17,2502014
Salesperson_1643,Territory_15,4936764
Salesperson_1644,Territory_18,4918804
Salesperson_1645,Territory_20,1689950
Salesperson_1646,Territory_21,2964202
Salesperson_1647,Territory_10,1216963
Salesperson_1648,Territory_2,2651701
Salesperson_1649,Territory_18,1584248
Salesperson_1650,Territory_13,556547
Salesperson_1651,Territory_1,3318866
Salesperson_1652,Territory_2,4344105
Salesperson_1653,Territory_1,4468209
Salesperson_1654,Territory_14,1306584
Salesperson_1655,Territory_2,3357105
Salesperson_1656,Territory_14,2866159
Salesperson_1657,Territory_5,1760433
Salesperson_1658,Territory_1,2719136
Salesperson_1659,Territory_4,3067999
Salesperson_1660,Territory_10,3684448
Salesperson_1661,Territory_13,4829402
Salesperson_1662,Territory_10,4542230
Salesperson_1663,Territory_3,4932061
Salesperson_1664,Territory_25,2877008
Salesperson_1665,Territory_11,2020092
Salesperson_1666,Territory_11,1172629
Salesperson_1667,Territory_11,2782537
Salesperson_1668,Territory_8,911787
Salesperson_1669,Territory_23,1765992
Salesperson_1670,Territory_16,2445222
Salesperson_1671,Territory_15,4706870
Salesperson_1672,Territory_3,3703035
Salesperson_1673,Territory_21,1210234
Salesperson_1674,Territory_19,1283484
Salesperson_1675,Territory_25,2006967
Salesperson_1676,Territory_13,4898749
Salesperson_1677,Territory_16,458507
Salesperson_1678,Territory_19,2112487
Salesperson_1679,Territory_4,3979616
Salesperson_1680,Territory_13,1356174
Salesperson_1681,Territory_4,2435061
Salesperson_1682,Territory_5,1434774
Salesperson_1683,Territory_9,569391
Salesperson_1684,Territory_16,3806719
Salesperson_1685,Territory_13,2461032
Salesperson_1686,Territory_7,2107161
Salesperson_1687,Territory_1,1137903
Salesperson_1688,Territory_16,2886052
Salesperson_1689,Territory_21,3362748
Salesperson_1690,Territory_19,3488387
Salesperson_1691,Territory_17,531068
Salesperson_1692,Territory_11,2293380
Salesperson_1693,Territory_13,1180167
Salesperson_1694,Territory_20,4605149
Salesperson_1695,Territory_18,4561638
Salesperson_1696,Territory_24,1322880
Salesperson_1697,Territory_12,2087960
Salesperson_1698,Territory_11,242508
Salesperson_1699,Territory_1,2204440
Salesperson_1700,Territory_22,4607971
Salesperson_1701,Territory_6,512188
Salesperson_1702,Territory_18,400602
Salesperson_1703,Territory_13,1781672
Salesperson_1704,Territory_1,1734742
Salesperson_1705,Territory_2,4774955
Salesperson_1706,Territory_15,3943484
Salesperson_1707,Territory_1,4810394
Salesperson_1708,Territory_1,2235171
Salesperson_1709,Territory_3,3015451
Salesperson_1710,Territory_5,4754059
Salesperson_1711,Territory_21,900164
Salesperson_1712,Territory_21,3139682
Salesperson_1713,Territory_2,3691649
Salesperson_1714,Territory_8,3675506
Salesperson_1715,Territory_8,2611857
Salesperson_1716,Territory_8,3505079
Salesperson_1717,Territory_23,4764637
Salesperson_1718,Territory_10,1484415
Salesperson_1719,Territory_21,3406562
Salesperson_1720,Territory_5,2044761
Salesperson_1721,Territory_12,2360187
Salesperson_1722,Territory_21,1308333
Salesperson_1723,Territory_21,3112034
Salesperson_1724,Territory_11,922387
Salesperson_1725,Territory_5,1521179
Salesperson_1726,Territory_4,4936205
Salesperson_1727,Territory_23,4461429
Salesperson_1728,Territory_6,1261659
Salesperson_1729,Territory_2,1069842
Salesperson_1730,Territory_5,2448754
Salesperson_1731,Territory_1,2909662
Salesperson_1732,Territory_5,563732
Salesperson_1733,Territory_7,457590
Salesperson_1734,Territory_24,750001
Salesperson_1735,Territory_1,1049125
Salesperson_1736,Territory_21,2006774
Salesperson_1737,Territory_25,3444443
Salesperson_1738,Territory_24,2298098
Salesperson_1739,Territory_11,1100438
Salesperson_1740,Territory_3,4252489
Salesperson_1741,Territory_25,3737632
Salesperson_1742,Territory_14,230944
Salesperson_1743,Territory_6,2882916
Salesperson_1744,Territory_10,527734
Salesperson_1745,Territory_9,3588633
Salesperson_1746,Territory_6,3626703
Salesperson_1747,Territory_2,2059300
Salesperson_1748,Territory_25,1220842
Salesperson_1749,Territory_24,1447676
Salesperson_1750,Territory_18,4255681
Salesperson_1751,Territory_16,1565766
Salesperson_1752,Territory_20,2776840
Salesperson_1753,Territory_4,134180
Salesperson_1754,Territory_17,2340019
Salesperson_1755,Territory_25,1435204
Salesperson_1756,Territory_9,3200882
Salesperson_1757,Territory_7,4992539
Salesperson_1758,Territory_3,3113707
Salesperson_1759,Territory_15,1906352
Salesperson_1760,Territory_14,2885697
Salesperson_1761,Territory_25,3246752
Salesperson_1762,Territory_8,641984
Salesperson_1763,Territory_25,2089644
Salesperson_1764,Territory_23,3578131
Salesperson_1765,Territory_6,3619963
Salesperson_1766,Territory_25,3776727
Salesperson_1767,Territory_14,2421597
Salesperson_1768,Territory_21,403135
Salesperson_1769,Territory_20,4750830
Salesperson_1770,Territory_16,222888
Salesperson_1771,Territory_4,4380044
Salesperson_1772,Territory_23,2873148
Salesperson_1773,Territory_23,1614798
Salesperson_1774,Territory_19,3665225
Salesperson_1775,Territory_25,1486325
Salesperson_1776,Territory_10,636144
Salesperson_1777,Territory_19,2677558
Salesperson_1778,Territory_14,2624500
Salesperson_1779,Territory_19,2241435
Salesperson_1780,Territory_23,1477880
Salesperson_1781,Territory_2,3076932
Salesperson_1782,Territory_25,507491
Salesperson_1783,Territory_5,2244482
Salesperson_1784,Territory_5,1637107
Salesperson_1785,Territory_18,2011170
Salesperson_1786,Territory_6,2931626
Salesperson_1787,Territory_23,3064881
Salesperson_1788,Territory_23,1334365
Salesperson_1789,Territory_2,4162037
Salesperson_1790,Territory_14,684609
Salesperson_1791,Territory_13,2810044
Salesperson_1792,Territory_16,2397226
Salesperson_1793,Territory_13,184998
Salesperson_1794,Territory_6,1116564
Salesperson_1795,Territory_2,1054526
Salesperson_1796,Territory_9,2345317
Salesperson_1797,Territory_16,3297066
Salesperson_1798,Territory_9,4889896
Salesperson_1799,Territory_17,4163886
Salesperson_1800,Territory_22,391959
Salesperson_1801,Territory_25,927542
Salesperson_1802,Territory_25,1654663
Salesperson_1803,Territory_4,2988517
Salesperson_1804,Territory_24,2463259
Salesperson_1805,Territory_17,518550
Salesperson_1806,Territory_12,101471
Salesperson_1807,Territory_17,2094484
Salesperson_1808,Territory_21,4167544
Salesperson_1809,Territory_12,514739
Salesperson_1810,Territory_10,210071
Salesperson_1811,Territory_17,4376660
Salesperson_1812,Territory_16,980774
Salesperson_1813,Territory_25,3487491
Salesperson_1814,Territory_4,4033929
Salesperson_1815,Territory_14,2839804
Salesperson_1816,Territory_11,2294638
Salesperson_1817,Territory_14,1316796
Salesperson_1818,Territory_24,2752339
Salesperson_1819,Territory_16,3014346
Salesperson_1820,Territory_25,3244838
Salesperson_1821,Territory_18,2414545
Salesperson_1822,Territory_15,2637255
Salesperson_1823,Territory_8,94135
Salesperson_1824,Territory_11,1776434
Salesperson_1825,Territory_12,1719757
Salesperson_1826,Territory_12,3481966
Salesperson_1827,Territory_9,2662007
Salesperson_1828,Territory_25,907790
Salesperson_1829,Territory_16,4190193
Salesperson_1830,Territory_8,1976218
Salesperson_1831,Territory_1,2935889
Salesperson_1832,Territory_19,4621418
Salesperson_1833,Territory_10,3274707
Salesperson_1834,Territory_17,2230773
Salesperson_1835,Territory_6,2734019
Salesperson_1836,Territory_16,4960090
Salesperson_1837,Territory_6,3704854
Salesperson_1838,Territory_8,2926322
Salesperson_1839,Territory_12,4174343
Salesperson_1840,Territory_21,1583837
Salesperson_1841,Territory_24,2329801
Salesperson_1842,Territory_20,1388325
Salesperson_1843,Territory_2,4564653
Salesperson_1844,Territory_8,1010598
Salesperson_1845,Territory_5,4407209
Salesperson_1846,Territory_25,2324825
Salesperson_1847,Territory_10,4116209
Salesperson_1848,Territory_13,894388
Salesperson_1849,Territory_8,3261923
Salesperson_1850,Territory_21,4384450
Salesperson_1851,Territory_17,4318631
Salesperson_1852,Territory_14,2291612
Salesperson_1853,Territory_2,2389113
Salesperson_1854,Territory_16,1419559
Salesperson_1855,Territory_14,1381990
Salesperson_1856,Territory_23,4022374
Salesperson_1857,Territory_13,3125206
Salesperson_1858,Territory_4,1592662
Salesperson_1859,Territory_1,2235627
Salesperson_1860,Territory_12,1545809
Salesperson_1861,Territory_5,449205
Salesperson_1862,Territory_24,799707
Salesperson_1863,Territory_22,2024840
Salesperson_1864,Territory_23,2080796
Salesperson_1865,Territory_5,4170439
Salesperson_1866,Territory_18,1405082
Salesperson_1867,Territory_1,339006
Salesperson_1868,Territory_20,4269061
Salesperson_1869,Territory_1,3461718
Salesperson_1870,Territory_20,3746780
Salesperson_1871,Territory_19,4610451
Salesperson_1872,Territory_2,3010739
Salesperson_1873,Territory_7,419410
Salesperson_1874,Territory_5,4497484
Salesperson_1875,Territory_20,1218795
Salesperson_1876,Territory_11,4971909
Salesperson_1877,Territory_25,3510661
Salesperson_1878,Territory_5,2221083
Salesperson_1879,Territory_2,1541782
Salesperson_1880,Territory_5,2210897
Salesperson_1881,Territory_22,3484520
Salesperson_1882,Territory_15,1913506
Salesperson_1883,Territory_6,4540077
Salesperson_1884,Territory_5,3047451
Salesperson_1885,Territory_20,1931189
Salesperson_1886,Territory_15,4627201
Salesperson_1887,Territory_18,1815468
Salesperson_1888,Territory_5,3957482
Salesperson_1889,Territory_11,280487
Salesperson_1890,Territory_16,2411476
Salesperson_1891,Territory_7,1404995
Salesperson_1892,Territory_19,3408796
