ID,Company Name,Number of Employees,2024 Revenue
1,"Gomez, Foster and Martin",104,3737
2,Huang LLC,272,8527
3,"Reese, Williams and Kerr",108,3130
4,Mills-Perry,73,1701
5,Spencer-Ramsey,190,5431
6,"Mora, Smith and Beltran",22,2225
7,Nichols and Sons,104,2254
8,Nguyen-Moore,123,2970
9,"Mitchell, Bishop and Jimenez",216,5716
10,"Rice, Carey and Thomas",89,2805
11,"Wilson, Walsh and Moon",101,1505
12,Nichols and Sons,153,3236
13,"Hodges, Holloway and Leonard",132,3699
14,York PLC,151,3242
15,Goodman Inc,259,6563
16,"Berry, Burton and Smith",295,7569
17,Williams LLC,193,4943
18,Gray Inc,278,9071
19,Parker LLC,162,5815
20,Ferguson-Clark,23,2609
21,Ellis-Smith,254,9433
22,Simmons-Dixon,237,7896
23,Rogers LLC,50,2527
24,Ross LLC,60,1931
25,Stein LLC,171,5649
26,"Bates, Miller and Combs",189,7613
27,Crosby-Baker,272,8531
28,"Martin, Mckinney and Ramirez",191,6883
29,Stewart-Clark,176,4345
30,"Yang, King and Jones",52,1250
31,"Adams, Harvey and Brooks",56,1992
32,Taylor-Harris,245,7499
33,Harris-Taylor,132,3340
34,Bryant Ltd,136,6487
35,Morales PLC,22,1250
36,"Ramirez, Harris and Ferrell",168,4597
37,Schultz and Sons,275,8401
38,Stone-Allen,90,2725
39,"Medina, Williams and Crawford",15,1250
40,Gonzalez-Olson,243,5696
41,"Duncan, Spencer and Young",266,9271
42,"Aguilar, Kim and Gutierrez",54,2968
43,Gordon-Howell,93,4260
44,Rodriguez-Walker,265,8275
45,"Hughes, Harrington and Yang",36,1742
46,Smith-Arnold,207,5343
47,"Mcgee, Kelly and Hall",82,3292
48,Gibson Inc,51,1781
49,Winters-Allison,3,1250
50,Palmer-Johnson,55,2514
51,Brooks PLC,107,4113
52,Fritz Group,261,7890
53,"Roberts, Hobbs and Collier",192,6198
54,Lee-Pena,219,5538
55,Little-Morton,45,2593
56,Cochran Ltd,163,3991
57,Mcdonald-Schmitt,203,5384
58,Ortiz Ltd,271,8192
59,Harris Ltd,272,9274
60,Berry LLC,216,7593
61,"Williams, Taylor and Guerrero",253,7585
62,King-Thomas,191,6503
63,Vaughn-Garcia,297,7220
64,Miller Inc,214,5700
65,"Li, Brown and Mendez",209,5571
66,Oneill Inc,238,8392
67,"Miller, Caldwell and White",54,2274
68,"Anderson, Tyler and Cantu",281,8614
69,Leach-Bailey,218,6821
70,Roberts Ltd,253,9158
71,Bell and Sons,189,5499
72,Black and Sons,42,1250
73,Hernandez PLC,158,5827
74,Griffin-Bautista,16,1250
75,"Moore, Rogers and Wang",66,2933
76,Hernandez Inc,10,1250
77,Johnson-Bass,130,3061
78,Hill Ltd,137,4512
79,"Salinas, Rush and Mendoza",64,1930
80,Bowman-Fitzgerald,140,4384
81,Houston-Clark,82,4076
82,Quinn-Mclaughlin,164,3821
83,Smith and Sons,290,8985
84,Pacheco Group,262,7041
85,"Moore, Stone and Bauer",232,4369
86,Ray-Castro,42,1250
87,Long-King,29,1250
88,"Ross, Burns and Robinson",136,4703
89,"May, Howe and Rodriguez",202,5842
90,Jordan-Jackson,269,6580
91,Boyd-Wagner,34,1250
92,Perkins Ltd,49,2786
93,"Lane, Williams and Reed",63,1250
94,Townsend-Thornton,217,8093
95,Molina LLC,294,9433
96,Smith and Sons,100,2682
97,"Jensen, Morgan and Moore",173,4460
98,"Mckee, Matthews and Gilbert",215,7497
99,Martin-Green,36,1250
100,Jones-Mccullough,228,5294
101,"Thompson, Ferguson and Ferrell",102,3622
102,"Weaver, Price and Collins",132,4377
103,"Beck, Nguyen and Ramos",258,8877
104,Nguyen Group,6,1250
105,"Hoffman, Murillo and Schwartz",219,6020
106,Mitchell-Hernandez,256,8949
107,Johnson and Sons,284,9433
108,Johnson-Harper,208,6473
109,Johnson-Miller,16,1250
110,"Scott, Daniels and Wong",43,1250
111,Yates-Gallagher,180,4792
112,"Willis, James and Johnson",64,2680
113,Johns Ltd,232,6402
114,Hodge LLC,242,5803
115,Powers Ltd,53,5085
116,Wood-Morris,97,1446
117,Dean-Medina,223,8946
118,Brown Ltd,232,6652
119,Nguyen-Allen,238,7055
120,Pratt and Sons,144,3647
121,Miller-Rodriguez,172,5942
122,Jones-Martin,30,1250
123,Bowman and Sons,37,1250
124,"Anderson, Hutchinson and Olson",14,2030
125,Jacobs Group,161,4026
126,Arellano-Garcia,188,6386
127,Collins-Howell,244,6234
128,Paul-Johnson,87,3318
129,Miller LLC,285,9433
130,Nelson LLC,67,1482
131,Proctor-Richards,171,3196
132,"Davis, Rhodes and Young",46,3068
133,"Reid, Clarke and Chavez",63,2816
134,Garcia-Webb,135,3576
135,Schultz-Palmer,285,8332
136,Baker-Moore,29,1250
137,Fisher Group,109,4690
138,Roberts LLC,45,1250
139,Cummings-Rivera,287,7191
140,Kidd Group,129,4083
141,Maldonado Ltd,232,6099
142,"Chapman, Smith and Rodriguez",191,4699
143,Baker PLC,226,6349
144,"Daniel, Foley and Gonzalez",284,8606
145,Oliver-Collins,122,2278
146,Wheeler-Hamilton,117,4895
147,Jones-Aguilar,234,7697
148,Hammond PLC,260,7434
149,"Travis, Black and Williams",199,5066
150,"Guerrero, Patterson and Phillips",138,4050
151,Fuller-Mccarthy,166,5879
152,Henry Inc,226,7524
153,Flores-Cervantes,235,8108
154,"Lindsey, Levine and Gonzalez",173,4709
155,"Carpenter, Wagner and Holmes",153,1665
156,Cook LLC,161,6077
157,Bonilla Group,97,2742
158,Wiley-Cunningham,234,7686
159,Gonzalez-Porter,181,7099
160,Moody-Cain,114,5854
161,"Snyder, Clark and Hawkins",53,1250
162,Thornton LLC,269,8203
163,"Flores, Hughes and Sawyer",296,9433
164,Smith and Sons,114,2575
165,Gomez Group,102,2477
166,Thomas LLC,114,2831
167,Webb Inc,82,2431
168,Murphy-Hunter,188,5419
169,"Lucas, Reynolds and Herman",114,2826
170,"Wilson, Williams and Brown",3,1250
171,"Campbell, Simon and Johnston",131,4741
172,Davies-Nguyen,221,7967
173,Poole Group,55,3132
174,Paul-Smith,225,6268
175,"Hardin, Dean and Butler",226,7633
176,"Phillips, Gonzales and Schmidt",127,4046
177,"Cox, Lee and Jones",131,3359
178,"Swanson, Ewing and Hernandez",54,2354
179,"Perez, Rowe and Buchanan",173,4573
180,"Smith, Cross and Tran",219,6193
181,Bradley-Clay,161,3453
182,Hayes and Sons,199,5505
183,Swanson and Sons,248,7693
184,Porter PLC,204,7688
185,Travis-Moore,185,5196
186,Jackson-Anderson,124,2681
187,Brown-Miranda,256,9177
188,Schneider-Moore,295,8345
189,Higgins PLC,281,6681
190,"Hoffman, Wallace and Owen",99,3103
191,Fisher LLC,199,5645
192,"Phillips, Wilkerson and Johnson",241,9433
193,"Jones, Lowe and Murphy",145,4825
194,Ortiz Inc,98,2793
195,Meyer-Mcmillan,202,5135
196,Brown Inc,125,4080
197,Carlson LLC,188,7096
198,Shepherd PLC,260,8111
199,Gray-Smith,149,3622
200,Smith and Sons,253,8128
201,Martinez and Sons,148,4391
202,"Walls, Rodriguez and Fox",149,4918
203,"Williams, Riggs and Evans",200,5645
204,White Ltd,129,3491
205,Delgado Ltd,40,1250
206,Morgan Inc,130,4842
207,Hunt PLC,268,7671
208,Moore-Hunt,152,4100
209,"Cole, Green and Rodgers",100,2057
210,"Tate, Gill and Best",264,8374
211,Mcgrath LLC,253,7901
212,Miller Inc,145,3901
213,Norris LLC,113,2680
214,Bell-Soto,61,3706
215,"Thompson, Mcdonald and Tran",3,1250
216,Guerra-Garrett,255,8143
217,"Duncan, Ali and Wells",141,5521
218,"Myers, Estrada and Morales",38,1250
219,Moore-Morgan,161,5624
220,"Carter, Snyder and Morgan",10,1250
221,Huber Inc,234,7276
222,Gonzalez LLC,100,2676
223,Mcdonald-Hays,148,5515
224,"Cole, Morton and Henderson",209,6633
225,"King, Perez and Kramer",132,4091
226,Cortez Inc,153,3691
227,Shepherd-Winters,55,3532
228,Alexander Group,121,3639
229,Franklin-Ingram,162,7149
230,"Taylor, Newman and Edwards",117,5437
231,Ray Ltd,76,1250
232,David-Odonnell,114,2765
233,Clay Ltd,105,2113
234,Manning-Wheeler,255,7601
235,"Randolph, Roth and Anderson",228,7027
236,Smith-Burns,113,3619
237,Morris PLC,100,4054
238,"Castillo, Jones and Walker",154,6113
239,Tate-Compton,195,6817
240,Long-Mata,164,4359
241,Craig LLC,209,5487
242,Black-Smith,170,5102
243,Thomas and Sons,162,5286
244,Fisher-Arroyo,69,1886
245,Coleman-Guerra,290,7354
246,"Richard, Thompson and Vazquez",278,9022
247,Willis-Cruz,136,3687
248,Michael Ltd,196,5457
249,Elliott Inc,129,3815
250,Johnson-Smith,34,1250
251,Joyce and Sons,177,4943
252,Soto-Ramirez,23,1250
253,"Lam, Whitehead and King",239,7057
254,Hudson and Sons,159,5472
255,"Ware, Brown and Osborne",39,1434
256,"Esparza, Myers and Martinez",231,7878
257,Lutz-Martinez,52,1250
258,Rivera Group,265,6671
259,"Ortiz, Blake and Anderson",284,8274
260,"Wheeler, Norman and Rice",28,1250
261,Baker-Johnson,227,6299
262,Torres-Jimenez,278,8551
263,Campbell Ltd,287,8106
264,Ross-Brown,98,1689
265,Jenkins-Combs,285,7991
266,Hall Inc,148,4780
267,Coleman Inc,5,1250
268,"Lee, Torres and Schultz",36,1741
269,Sanchez-Woods,193,6214
270,Gordon Ltd,50,1331
271,"Gonzalez, Cole and Kennedy",18,1250
272,Hinton Inc,173,5147
273,"Mclaughlin, Peterson and Miller",221,6743
274,"Cherry, Bell and Compton",159,3830
275,"Smith, Brown and Snow",47,1453
276,Gutierrez-Delgado,7,1250
277,"Cruz, Farrell and Waller",100,3341
278,Ramirez Group,234,5732
279,Garcia Ltd,38,1250
280,Hamilton and Sons,281,6986
281,"Ballard, Rogers and Savage",182,5633
282,"Madden, Blackburn and Brown",96,2178
283,"Brown, York and Flynn",100,4705
284,Morrison-Johnson,189,5789
285,"Carrillo, Sims and Roberts",117,4311
286,Mills-Allison,192,7870
287,Carr Group,254,6802
288,"Howell, Greer and Davis",162,5295
289,Wilcox and Sons,257,6524
290,Davis Ltd,129,4214
291,Stephenson and Sons,19,2335
292,Coleman PLC,282,7832
293,Peters Inc,224,5834
294,"Kerr, Schneider and Harrison",55,1558
295,Johnson-Perez,59,3815
296,Nelson-Lopez,175,6021
297,Ellison Group,281,7525
298,"Guzman, Jones and Harris",115,4905
299,"Arnold, Harris and Miller",289,7014
300,"Benson, Jenkins and Roberson",152,6696
301,Williams and Sons,128,4696
302,Foster Ltd,156,6443
303,"Knight, Duran and Washington",274,6572
304,Smith-Mckee,105,3319
305,"Ramirez, Stewart and Merritt",247,7276
306,"Meadows, Santos and Berry",177,4303
307,Martinez-Perez,40,1250
308,Cox PLC,171,5637
309,Pollard PLC,248,8037
310,Reyes-Wolfe,27,2109
311,"Wong, Smith and Fernandez",14,1250
312,Quinn Group,37,1250
313,Scott-Baird,174,3837
314,"Woodard, Murray and Baxter",21,2170
315,Cobb Inc,265,8019
316,Perry PLC,143,5012
317,Christensen Inc,144,5077
318,Fernandez and Sons,93,4249
319,Davis Group,289,7838
320,Murray Ltd,216,7177
321,Gentry Inc,52,1534
322,"Tapia, Gross and Aguilar",154,6725
323,Smith Group,187,4775
324,Lopez-Shepherd,64,3091
325,Schmidt Group,191,6080
326,"Brown, Marks and Lewis",126,4077
327,"Cummings, Anderson and Smith",151,4584
328,"Ellis, Greer and Reyes",59,3116
329,Wood-Tran,181,5693
330,Mckee-Hodges,171,3605
331,Campbell Inc,272,9379
332,Terrell-Williamson,55,2686
333,"Crawford, Gonzalez and Douglas",102,3647
334,Martinez Ltd,265,6821
335,"Butler, Thompson and White",54,1250
336,Shah-Smith,61,1250
337,King LLC,109,3730
338,Bryan-Kramer,6,1250
339,"Kemp, Hester and Bradley",104,1401
340,"Williams, Simmons and Moore",197,7184
341,"Rivera, Wu and Tran",263,8658
342,Tran Ltd,48,1250
343,Griffith Inc,145,4215
344,Walker Inc,270,5692
345,"Rivas, Cabrera and Baker",125,4666
346,Flowers Inc,107,2517
347,Lynch-King,159,5100
348,White-Andersen,148,1951
349,Clayton-Alvarez,146,5357
350,Tucker LLC,121,2877
351,Steele-Kim,276,6903
352,"Lee, Trujillo and Smith",93,2450
353,Taylor LLC,59,1250
354,Gibbs-Rice,230,7974
355,Stephenson Inc,118,3119
356,Hopkins-Weaver,280,9433
357,"Medina, Ellis and Thompson",128,4170
358,Davis LLC,130,4794
359,Brown Group,59,1767
360,Hamilton-Crawford,123,4962
361,"Ingram, Zimmerman and Alvarez",2,1250
362,Newman-Phillips,240,7313
363,Long PLC,291,8333
364,Shelton Inc,97,4306
365,Cordova Group,127,5309
366,Coleman PLC,119,3570
367,"Haynes, Howard and Henry",49,1250
368,Hickman-Wheeler,90,3127
369,"Gonzalez, Wolf and Sandoval",238,5475
370,Keller and Sons,273,9433
371,Rose-Ross,190,5226
372,Rodriguez-Shaw,193,5759
373,Martin Ltd,70,1419
374,Smith-Herrera,279,7468
375,Wright PLC,248,8177
376,"Avery, Ferrell and Morris",77,2151
377,Lee Ltd,155,4692
378,Williams-Burke,145,3346
379,Nunez-Romero,87,3466
380,Chapman PLC,186,6537
381,"Hall, Smith and Mccarthy",286,8371
382,Gray-Hill,221,7897
383,"Arnold, Morris and Lee",70,1995
384,Roberts-Frank,48,2219
385,Rivera and Sons,95,1250
386,Wolfe and Sons,239,7523
387,"Raymond, Morgan and Price",205,5878
388,Valentine LLC,219,6725
389,Sanders-Garcia,40,1310
390,Martinez Ltd,101,3155
391,"David, Molina and Bowen",290,9315
392,Carpenter-Lewis,255,7084
393,Roy Group,223,7259
394,Benson-Watkins,24,1952
395,"Keller, Miller and Ramirez",251,6119
396,Chen and Sons,11,1250
397,Gonzalez LLC,247,6671
398,Rivera-Estrada,101,1937
399,"Ferguson, Barnes and Black",291,8255
400,"Miller, Logan and Acosta",181,6463
401,"Lloyd, Chavez and Franklin",224,8167
402,"Williams, Jones and Ruiz",251,7636
403,Johnson-Colon,148,4115
404,Robbins Ltd,97,3712
405,Hill-Jackson,258,5376
406,"Hall, Ortiz and Powell",5,1250
407,"King, Yoder and Carter",17,1250
408,Johnson PLC,281,7364
409,Gibson Ltd,248,6672
410,"Lin, Bryant and Morgan",259,9247
411,"Ramsey, Gordon and Harris",161,2068
412,"Williams, Green and Griffin",153,4173
413,"Vang, Mcclure and Francis",179,5989
414,Stewart-Turner,164,5330
415,Garcia and Sons,34,2481
416,Dixon Ltd,180,5561
417,Lewis-Jacobson,102,3434
418,Price and Sons,269,6231
419,"Harris, Reed and Walsh",66,1250
420,Scott and Sons,169,3287
421,Holden-Aguilar,44,1892
422,Walker-Steele,45,1698
423,"White, Smith and Cook",286,8893
424,"Hernandez, Stevenson and Sherman",13,1250
425,"Acosta, Johnson and Keith",96,1907
426,Johnson Group,254,7829
427,Reilly-Lewis,243,6620
428,Hayes PLC,36,1250
429,"Gonzalez, Graham and Maxwell",216,5971
430,Ryan-Miller,91,2069
431,Bell-Kerr,265,7083
432,Contreras PLC,94,1594
433,Watkins-Banks,91,3178
434,"Garza, Tucker and Perry",116,5036
435,"Juarez, Fernandez and Diaz",106,3140
436,"Wise, Dominguez and Turner",197,6132
437,"Robbins, Yang and Moyer",115,3986
438,Jackson PLC,76,2646
439,Camacho Ltd,218,5693
440,"Cortez, Vargas and Snyder",278,9433
441,"Payne, Mcgee and Ibarra",250,6742
442,Gomez Inc,165,5598
443,"Casey, Craig and Carpenter",193,6320
444,Howe LLC,228,4881
445,"Davis, Norton and Parker",178,4981
446,Wells-Lane,100,3056
447,"Coleman, Benitez and Singh",37,1250
448,Davis Group,97,3211
449,"Drake, Donovan and Mcdaniel",153,5347
450,Reid-Baxter,152,4552
451,Brown-May,191,6084
452,"Stewart, Brooks and Hicks",225,6705
453,Bailey and Sons,38,1250
454,"Sanchez, Wilson and Lucero",269,8102
455,"Lopez, Riley and Lambert",184,6269
456,Gamble-Davila,14,1528
457,Nelson Inc,280,8937
458,Patel-Davidson,218,7874
459,Aguilar and Sons,287,9028
460,"Bradley, Carpenter and Payne",274,9083
461,Noble-Williams,63,2827
462,Kim-Williams,85,2326
463,Peterson Group,218,7266
464,Mata-Smith,188,4699
465,Crawford LLC,20,1250
466,"Fisher, Boone and Moore",178,5917
467,"Rodriguez, Page and Schroeder",101,4081
468,"Lopez, Coffey and Clark",234,7840
469,"Hunter, Harper and Clark",77,3374
470,Thomas-Castillo,266,7880
471,"Hull, Copeland and Jimenez",285,8204
472,Pineda and Sons,207,5935
473,Brock-Perez,224,6986
474,Marshall-Brown,53,1250
475,"Baird, Clarke and Velazquez",145,5681
476,Moore Inc,70,2143
477,Sparks Inc,100,2584
478,Sullivan PLC,26,1250
479,"Green, Schneider and Moore",54,1583
480,White-Knight,152,4361
481,"Moore, Rodriguez and Oconnell",145,3452
482,Thompson Ltd,58,1250
483,Solis-Wheeler,40,1250
484,Pham PLC,110,2711
485,Reed-Myers,182,6031
486,Moore Group,43,1250
487,"Kaiser, Torres and Conley",187,5764
488,"Coleman, Jones and Williams",224,7900
489,"Hall, Evans and Miller",123,3653
490,"Montoya, Brooks and Daniels",134,4375
491,French-Valentine,164,5212
492,Lee-Henderson,216,6487
493,"Garrison, Johns and Callahan",222,6592
494,"Vazquez, Perry and Barron",236,6508
495,Cain-Warner,147,4561
496,"Clayton, Lindsey and Allen",240,6916
497,Thomas LLC,77,3856
498,Taylor-Jones,10,1250
499,Adams LLC,75,1250
500,"Arnold, Torres and Andrews",254,6222
501,Johnson-Brown,231,6799
502,"Ortiz, Jones and Stevenson",8,1250
503,"Edwards, Hudson and Clark",175,5066
504,Sanders LLC,142,4911
505,Brooks Inc,169,5385
506,Clark-Howard,171,5435
507,"James, Hart and Velez",284,9433
508,Hammond-Fields,123,2301
509,Ingram Group,195,5953
510,"Rodgers, Jenkins and Zavala",6,1250
511,Bright LLC,30,2335
512,"Austin, Obrien and Shelton",166,2770
513,"Gates, Gordon and Parsons",137,1944
514,"Thompson, Kelly and Gonzalez",146,4684
515,Nelson PLC,218,7666
516,Walker LLC,133,4763
517,"Stein, Robinson and Franklin",293,7989
518,Bell-Chang,71,3636
519,"Hawkins, Evans and Barber",253,6358
520,Ibarra-Hughes,276,9433
521,Collins Ltd,183,4390
522,Moreno and Sons,168,4688
523,"Mueller, Lin and Barton",92,3399
524,"Blanchard, Harper and Rodriguez",203,4623
525,Hall-Boyd,20,2069
526,Thompson Inc,40,1250
527,"Perkins, David and Campbell",127,3947
528,"Carroll, Ryan and Wells",174,6382
529,"Walters, Johnson and Watts",142,3466
530,Erickson PLC,243,8350
531,Gallagher-Berry,221,8270
532,"Swanson, Alexander and Alexander",127,3154
533,Greene Group,59,3139
534,"Khan, Rice and Brown",149,2709
535,Hanna Inc,2,1250
536,Thomas-Collier,191,4501
537,"Parker, Holland and Campbell",192,6702
538,Harris and Sons,118,4400
539,Burch-Watts,135,6127
540,"Bryant, Robinson and Armstrong",59,3191
541,Braun Inc,45,1250
542,Stewart-Reyes,174,4138
543,Garcia-Fernandez,161,5395
544,"Stewart, Burton and Howell",174,5159
545,Cantu-Nunez,150,6051
546,"Ball, Robertson and Lang",81,1250
547,Howard Inc,214,8608
548,Anderson-Sullivan,204,6651
549,Thomas-Nguyen,253,6776
550,"Sanchez, Clayton and Young",230,7633
551,Obrien-Brown,165,6247
552,Williamson-Washington,228,6954
553,"Valdez, Kelly and Hull",148,2675
554,Banks Ltd,21,1250
555,Padilla PLC,48,2479
556,Fuller-Hansen,234,7516
557,Weiss-Perez,15,1250
558,Mcmahon-Short,144,5628
559,"Wallace, Davis and Hamilton",2,1250
560,Barker and Sons,55,2466
561,Flores-Lewis,260,7389
562,"Watson, Jacobs and Miller",145,3842
563,Carrillo Inc,13,1250
564,Cortez Inc,225,6490
565,Parker Ltd,273,9125
566,Black-Schroeder,157,4505
567,"Roberson, Green and Lloyd",9,1250
568,"White, Herrera and Vasquez",123,4801
569,Maldonado Ltd,165,5322
570,Roman-Soto,91,3200
571,"Jacobs, Reyes and Clay",137,2752
572,"Sloan, Turner and Reilly",187,5287
573,Lambert-Hamilton,179,7096
574,Green-Bryan,29,1250
575,"Lamb, Hartman and Wilson",221,8526
576,Harmon-Tucker,42,1250
577,Wolf-Mooney,229,7103
578,"Aguilar, Irwin and Gregory",193,5407
579,Williams-Haynes,146,4971
580,"Vazquez, Costa and Miller",202,6955
581,Sawyer-Watson,213,6992
582,Schmitt-Solis,221,7671
583,Ray and Sons,241,7216
584,Dominguez-Norton,47,1250
585,Melton Inc,36,1250
586,"Buchanan, Barton and Robinson",254,8258
587,Schneider Ltd,83,2662
588,"Cross, Walker and Andrews",257,7642
589,Wood PLC,198,5749
590,"Mcneil, Shaw and Sutton",11,1250
591,"Wilson, Stevenson and Bailey",287,8373
592,Cruz Ltd,243,6761
593,"Leblanc, Miller and Smith",252,7799
594,Wood PLC,6,1250
595,Bailey Group,120,2829
596,Wells-Lee,290,8299
597,Neal-Walker,66,1775
598,"Oneill, Newman and Mcclain",147,4414
599,Lawrence Group,225,6621
600,"Crawford, Gray and Collins",240,7859
601,"Caldwell, Houston and Evans",178,3687
602,"Sawyer, Moore and Butler",268,6564
603,Willis-Parsons,283,8683
604,"Gomez, Martin and Nguyen",64,1317
605,"Miller, Fuller and Rodriguez",218,7424
606,Williams-Skinner,284,9433
607,Barton LLC,178,5573
608,"Lawson, Burch and Schwartz",99,1898
609,Miles Inc,106,4234
610,Walker LLC,100,3198
611,Jennings Group,7,1250
612,Villarreal and Sons,198,4541
613,Espinoza-Obrien,134,5536
614,Hill LLC,260,9151
615,Valdez-Pham,24,1250
616,Lawson-Robinson,54,1250
617,"Bryant, King and Torres",166,6120
618,Baker Ltd,203,6071
619,"Price, Wall and Lee",84,3221
620,Cook-Yates,146,4318
621,Mckinney-Cummings,86,3234
622,"Harris, King and Thornton",79,2375
623,"Brock, Irwin and Berger",2,1250
624,"Vance, Franklin and Warren",52,2618
625,Austin LLC,174,5422
626,"Roberts, Johnson and Smith",206,6832
627,Moreno Group,261,7987
628,Santiago-Ramirez,289,8183
629,"Townsend, Walker and Shaffer",35,2658
630,Levy-Kramer,96,3234
631,"Haynes, Clay and Hill",73,1834
632,Hughes-French,40,2478
633,Butler-Carpenter,155,3329
634,Arnold-Davis,251,9433
635,"Moses, Johnson and Clark",163,4710
636,Benitez-Anderson,119,2301
637,Walker-Hahn,260,9433
638,Garner-Lee,269,7606
639,Davis-Morton,55,1893
640,"Baker, Patton and Carr",237,7827
641,Brown PLC,223,7874
642,"Burch, Hayes and Bates",252,7859
643,"Jacobson, Burns and Herring",113,2742
644,Whitney and Sons,256,7898
645,"Castro, Webb and Logan",208,5820
646,Aguilar LLC,230,7149
647,"Foster, Hughes and Chen",67,3638
648,"Rodriguez, Wheeler and Bates",76,3035
649,Scott-Joyce,104,3326
650,Mcdonald and Sons,193,6528
651,Davis-Mcbride,253,8400
652,"Tran, Singh and Lee",227,5732
653,Martin Ltd,295,8891
654,Baker-Baker,99,5532
655,"Gordon, Gentry and Smith",287,9433
656,Cook PLC,250,6996
657,Best-Jefferson,167,4406
658,"Owens, Garcia and Jones",31,1250
659,Little Ltd,248,8306
660,Smith Ltd,107,4817
661,"Murphy, Gregory and Ellison",52,2142
662,"Ramirez, James and Green",82,2617
663,Brewer Inc,134,3575
664,"Ellis, Ellis and Medina",286,8909
665,Gibbs PLC,139,3349
666,Mendoza-Flores,185,3614
667,Walker-Perry,274,9433
668,Stevenson Group,70,1250
669,"Zimmerman, Johnson and Patton",35,1250
670,"Hammond, Trevino and Wade",263,8546
671,Lambert and Sons,54,3054
672,Payne-Tyler,206,6437
673,Gay Ltd,127,2616
674,Ellison-Brown,236,6778
675,Moore LLC,44,1250
676,Martin PLC,241,7191
677,"Mays, Pollard and Frost",112,4591
678,"Bautista, Reynolds and Sloan",250,4962
679,"Miller, Smith and Orozco",152,4148
680,Beasley-Nelson,184,5035
681,Anderson-Barnett,96,1623
682,"Miles, Roberson and Patterson",9,1250
683,Walker LLC,185,4135
684,Aguilar-Small,282,7160
685,Keith LLC,196,6731
686,Long Inc,196,7380
687,"Smith, Hughes and Baker",156,4603
688,Barnes PLC,94,1602
689,Cherry Ltd,161,4124
690,Jones-Stone,62,2868
691,"Barrett, Acevedo and Smith",123,3806
692,Sherman-Johnson,52,1458
693,Murphy-Davis,278,8653
694,Brown-Gomez,6,1250
695,"Green, Snyder and Rodriguez",93,4335
696,Hunt-Pope,171,4380
697,Wolfe Group,23,1250
698,"Fry, Mooney and Fitzgerald",2,1250
699,"Scott, Chandler and Peck",134,3480
700,Richardson PLC,234,5928
701,"Robinson, Simmons and Jones",13,1250
702,"Long, Palmer and Page",47,1430
703,Duncan-Allen,35,1250
704,Shah-Garcia,79,2959
705,Zamora PLC,219,8086
706,Campbell-Johnson,74,2577
707,"Nelson, Gomez and Lucas",283,5946
708,Wilson Inc,250,9433
709,Green LLC,48,2186
710,"Jones, Cook and Pierce",122,5616
711,"Long, Martinez and Erickson",215,7540
712,Harrington-Johnson,240,8490
713,"Garcia, Jones and Reyes",57,1915
714,Smith-King,108,2977
715,"Morris, Johnson and Arnold",49,1843
716,"Valdez, Hancock and Chan",62,1250
717,Flores-Smith,27,1250
718,Charles and Sons,293,6163
719,Arnold Group,258,7782
720,Duarte-Hardy,9,1614
721,Woods-Goodwin,114,3514
722,"Jones, Medina and Molina",254,9347
723,Holt-Brock,181,5166
724,Ramsey-Hudson,208,7242
725,Daniels-Carney,128,2961
726,"Taylor, Carson and Levy",57,2671
727,Robinson LLC,215,6682
728,"Beasley, Beltran and Reynolds",15,1250
729,Marsh-Mckenzie,29,1250
730,"Krause, Guerra and Pearson",79,2115
731,"Turner, Reid and Mills",217,6723
732,Orr-Simpson,155,5478
733,Terry-Reeves,15,2010
734,Nguyen Inc,188,7675
735,"Allen, Morgan and Strong",8,1486
736,Castro Group,4,1250
737,Garcia Inc,112,3055
738,Barnes-Buchanan,239,7908
739,Robbins Group,240,7719
740,"English, Allen and Christian",275,9433
741,Wu-Sullivan,295,9433
742,"Dean, Blake and Williams",228,9107
743,Walker Inc,16,1973
744,Phillips-Thornton,193,6317
745,"Haas, Ali and Wood",120,4949
746,"Holmes, Anderson and Baker",29,2531
747,"Barnett, Garza and Green",203,5942
748,Underwood PLC,40,1250
749,Ross and Sons,274,7452
750,Hill and Sons,232,6083
751,Cantrell-Pierce,87,1250
752,"Bowen, Beck and Newman",127,4059
753,"Pena, Elliott and Carney",26,1250
754,Yu-Lindsey,146,3596
755,"Brown, Barnes and Dalton",14,1250
756,"Burton, Martinez and Gray",213,6571
757,"Webster, Watkins and Mcintyre",26,1250
758,Burke-Luna,69,3435
759,Coleman Inc,68,2904
760,"Burns, Smith and Macdonald",234,8538
761,Tanner and Sons,110,3379
762,Robertson-Farmer,147,6021
763,Brewer-Cain,112,3719
764,Manning-Meyers,229,7038
765,King PLC,112,4821
766,"Thornton, Hernandez and Shields",35,1250
767,Garrett LLC,112,5383
768,Roberts-Turner,265,7667
769,Griffin Group,237,5891
770,"Miller, Charles and Contreras",84,3173
771,"Jones, Price and Duncan",43,1250
772,"Aguilar, Kirk and Kline",102,5085
773,Welch-Carrillo,7,1250
774,"Mitchell, Hodges and Gonzalez",181,5744
775,"Moss, Frank and Porter",283,7064
776,"Dawson, Rangel and Leonard",227,7622
777,"Jones, Wheeler and Snyder",230,6122
778,"Moore, Robinson and Bauer",290,9393
779,Lowe PLC,151,4101
780,Bell-Collins,278,6293
781,Davies Ltd,199,6101
782,Baxter-Harris,71,2216
783,"Williams, Sullivan and Clark",113,4271
784,Perez Ltd,5,1706
785,Sanchez-Wilson,96,4792
786,Jenkins-Russo,153,5454
787,Brown-Massey,138,4418
788,"Bennett, Woods and Mcguire",248,6012
789,"Maddox, Johnson and Shaw",244,7522
790,"Warren, Donovan and Rogers",32,1250
791,Murray-Gregory,41,1250
792,Brown and Sons,230,7532
793,Armstrong Inc,37,2231
794,Bryant Group,224,5901
795,Smith-Ramirez,7,1250
796,Sanchez-Blanchard,221,6490
797,Graham Group,76,1664
798,Watts-Hester,5,1250
799,Clark-Brown,135,3053
800,Fox-Scott,119,2337
801,Briggs-Noble,95,4058
802,"Graham, Stevens and Johnson",63,3592
803,Hill LLC,195,4754
804,"Hill, Moore and Glover",204,6666
805,Adams-Barnes,27,1683
806,Nichols and Sons,174,3727
807,"Donovan, Davies and Smith",134,4180
808,Underwood PLC,119,6103
809,Vazquez LLC,276,8957
810,Burnett-Webb,213,6144
811,Taylor-Thomas,226,6219
812,Jones and Sons,21,1250
813,Mclaughlin-Ferguson,114,3890
814,Hawkins Ltd,141,6177
815,"Johnson, Miller and Nunez",48,1250
816,Bennett-Yoder,2,1250
817,"Hunter, Williams and Wagner",91,2065
818,"Bentley, Rodriguez and Camacho",143,5171
819,Trevino LLC,39,1250
820,"Solis, Wells and Tran",294,7999
821,Taylor-Rivera,140,4219
822,"Cole, Fisher and Martinez",260,8029
823,Mclaughlin-Bell,162,3471
824,Hill Group,179,5152
825,Vaughan LLC,11,1250
826,Silva PLC,262,7219
827,"Young, Mcfarland and Hanson",139,3152
828,"Patton, Hawkins and Arnold",173,6131
829,Mcdonald Inc,14,1250
830,Santiago-Stone,169,3075
831,Rose-Sanchez,131,4194
832,Gardner-Huber,85,3275
833,Fowler PLC,102,2263
834,Cunningham-Jackson,274,7660
835,Morris-Johnson,266,7330
836,James Inc,39,1250
837,Maxwell-Randolph,95,3956
838,Mcconnell Ltd,96,2765
839,Peterson-Poole,70,2939
840,Williams Group,237,6141
841,"Jones, Conley and Contreras",138,3756
842,"Long, Phillips and Bridges",77,3264
843,Nguyen-Morris,36,1250
844,Young Group,2,1250
845,Carey and Sons,297,8281
846,Morales-Wu,61,1508
847,Garcia Ltd,268,9433
848,Allen Group,230,6464
849,Bond-Rivera,271,8275
850,Olsen Inc,287,9226
851,"Thomas, Garcia and Ibarra",292,8986
852,"Rowland, Carey and Arias",214,6675
853,Hernandez and Sons,166,4923
854,Wade-Mueller,6,1250
855,Smith and Sons,79,2718
856,Melton-Perry,63,1250
857,"Benton, Brown and Diaz",133,4765
858,Taylor Inc,90,4072
859,Roth Ltd,238,5334
860,"Garner, Jordan and Sanchez",43,2663
861,Alvarado-Solomon,90,2288
862,Wood-Nelson,297,8779
863,Pham and Sons,296,7967
864,"Jones, White and Gray",105,3338
865,Arias-Byrd,15,1250
866,"Johnson, Sloan and Evans",289,9433
867,Martinez-Taylor,180,4658
868,Lester and Sons,126,5440
869,Kelly-Foster,24,1384
870,George Group,64,2010
871,Young-Hudson,144,4139
872,"Ryan, Leon and Sampson",154,4313
873,Fernandez-Carson,146,4138
874,"Castro, Robinson and Hansen",226,6948
875,Gutierrez and Sons,105,2941
876,Dixon-Rodriguez,105,2509
877,"Phillips, Kirby and Blair",40,1374
878,Hines-Kim,199,5133
879,Rodriguez-Livingston,135,4372
880,"Rasmussen, Bates and Long",68,1816
881,"Johnson, Steele and Calderon",180,6096
882,Ramirez LLC,43,2279
883,Cook PLC,16,1468
884,"Tucker, Guerra and Thomas",112,3678
885,"Mcfarland, Lewis and Douglas",158,5174
886,"Fritz, Stephens and Anderson",290,8377
887,Day and Sons,232,7637
888,Johnson Ltd,158,5530
889,"Davis, Underwood and Reyes",39,1250
890,"Weber, Gonzales and Gonzalez",98,3318
891,Dickerson Group,290,9433
892,Gillespie-Wilson,255,7293
893,Cabrera-Rogers,197,5335
894,Smith Inc,87,2190
895,Foley LLC,11,1250
896,"Martinez, Sanchez and Fisher",6,1250
897,"Ellis, Blankenship and Peters",124,3749
898,Rivera-Poole,119,3767
899,Keith-Martinez,295,9265
900,Mckenzie-Cantu,160,4002
901,Smith-Gomez,229,7143
902,"Welch, Washington and Jones",217,6953
903,"Vaughan, Lynch and Mack",185,5061
904,Spence-Diaz,16,1250
905,Glover Inc,158,4820
906,Mccarty and Sons,137,3478
907,"Patterson, Clark and Hahn",262,8142
908,Pollard-Smith,158,4449
909,Lawson-Sharp,48,2137
910,Burke LLC,174,4980
911,Thomas-Sanchez,131,2640
912,Lozano Inc,96,3146
913,Burns-Turner,116,3709
914,"Williams, Perez and Jensen",244,6238
915,Hill-Richardson,293,9433
916,Nguyen Group,283,9188
917,Moran-Cross,284,7650
918,Weber LLC,70,1440
919,Williams and Sons,149,4327
920,Morris-Stone,12,1250
921,"Hill, Scott and Suarez",255,8290
922,Golden-Barr,39,1318
923,Pierce-Fowler,135,2956
924,"Douglas, Chapman and Paul",201,5207
925,"Campbell, Mccoy and Williamson",24,1907
926,Flores-Nicholson,219,8105
927,Miranda LLC,142,4798
928,Schneider-Campos,105,2938
929,Robinson-Kent,211,5890
930,Gordon-Gutierrez,112,3909
931,Deleon LLC,105,3225
932,Johnson Ltd,172,3549
933,Bell LLC,134,5051
934,Gray Ltd,294,9433
935,"Christensen, Woods and Mckinney",128,4577
936,Wells Group,107,2118
937,Stewart Inc,93,2153
938,Long-Guerra,288,6782
939,Jones Inc,52,3156
940,Chapman-Hernandez,30,1250
941,Copeland-Kelly,297,9433
942,Price Group,298,9433
943,Simmons LLC,215,5546
944,Wright Inc,268,7331
945,"Davis, Butler and Pineda",258,8206
946,Robinson PLC,102,1305
947,"Wood, Gordon and Jones",111,2891
948,"Mccall, Ellis and Watkins",183,4951
949,"Morgan, Johnson and Perez",2,1911
950,"Miller, Gordon and Herman",56,1841
951,Floyd Group,150,4215
952,Ferguson Ltd,138,3508
953,Johnson Inc,203,6984
954,"Haynes, Nelson and Cunningham",118,3043
955,"Benson, Alvarez and Davis",155,4599
956,Potts Group,292,8120
957,"Mejia, Jensen and Harper",64,1250
958,Ballard LLC,245,6353
959,Mahoney-Leblanc,26,1250
960,"Olson, Roberts and Taylor",91,2466
961,Thomas and Sons,76,2060
962,Pittman-Bradley,295,8761
963,"Miller, Hunt and Tucker",211,5841
964,Brown-Howard,18,1889
965,Jones and Sons,129,4817
966,"Kaiser, Fowler and Smith",252,7424
967,King Group,180,5654
968,"Lester, Gray and Christian",183,5117
969,Cooke-Long,153,1746
970,Griffin PLC,26,1250
971,Lee Ltd,181,5735
972,Rice-Frey,199,4357
973,Thomas-Davis,162,5359
974,Berger-Li,178,5059
975,Wheeler PLC,286,8917
976,"Lozano, Fry and Rosales",64,1669
977,"Kim, Myers and Davis",151,5780
978,Rogers PLC,155,4876
979,Phillips Group,157,5712
980,"Benson, Houston and Woods",50,2584
981,Davila-Marquez,85,1430
982,Moore and Sons,178,4600
983,"Lindsey, Santiago and Holland",149,4921
984,Dickerson PLC,119,3204
985,Black-Murphy,64,1681
986,"Carter, Skinner and Owen",190,6986
987,Preston PLC,50,1250
988,Garcia-Cooper,258,6771
989,Bradshaw-Reed,225,5916
990,"Harris, Mann and Weaver",142,6442
991,Reyes Group,216,6301
992,Stephens-Lewis,212,4995
993,Peters-Pratt,33,1250
994,Lang Ltd,159,4145
995,Sandoval-Martinez,286,8383
996,Dunn LLC,287,9433
997,Rios Ltd,145,5202
998,"Dillon, Meadows and Stephenson",20,1250
999,"Hernandez, Mitchell and Burton",19,1250
1000,Davis-Rodriguez,258,8079
1001,"Foster, Bass and Figueroa",79,1250
1002,Yates-Benitez,176,7261
1003,Simon Inc,195,6504
1004,Thompson LLC,114,4286
1005,Henry and Sons,115,2375
1006,Alexander-Kirk,223,7972
1007,Rodriguez-Nunez,167,4549
1008,"Riddle, Bell and Kramer",133,3037
1009,"Khan, Wright and Leblanc",265,7910
1010,"White, Brooks and Hoover",56,1617
1011,Arnold-Dawson,132,2881
1012,Lee-Gonzalez,289,7775
1013,"Collins, Bryant and Berry",267,7036
1014,Graham LLC,163,3926
1015,"Thompson, Lee and Wright",88,2251
1016,"Hall, Byrd and Berry",56,1250
1017,Allen-Anderson,289,7978
1018,Payne PLC,179,6415
1019,Soto-Riley,9,1250
1020,"Arnold, Dixon and Williams",248,6390
1021,Estrada-Henderson,256,8638
1022,Walker and Sons,55,1250
1023,Reynolds-Clarke,250,9433
1024,"Kirby, Riley and Garcia",240,8500
1025,"Henderson, Juarez and Smith",230,6340
1026,Baker-Webb,68,2422
1027,"Anthony, Castro and Erickson",52,1250
1028,Dalton Group,98,3000
1029,"Rose, Lopez and Clark",93,2606
1030,Carr-Rowe,265,7115
1031,"Murphy, Smith and Young",292,8291
1032,Collins LLC,97,2343
1033,Long-Hale,89,1538
1034,Strickland-Massey,79,1511
1035,Jordan Group,289,7228
1036,Baker and Sons,121,4487
1037,Mcbride-Martinez,166,4047
1038,"Marshall, Morton and Ortiz",183,4267
1039,Johnson LLC,224,7561
1040,Thompson-Owen,8,1250
1041,Carr Ltd,264,8724
1042,Parker and Sons,162,5776
1043,Lee-Bell,152,6497
1044,Nash-Cameron,86,2423
1045,Weber and Sons,148,2982
1046,"Miller, Brown and Guzman",113,3661
1047,Gross Inc,37,1250
1048,Gibson-Moody,286,7622
1049,"Martin, Logan and Kelley",189,5769
1050,Ochoa Ltd,83,3355
1051,Holloway LLC,3,1250
1052,Aguilar PLC,198,7214
1053,Gillespie-Jones,12,1250
1054,Erickson-Cobb,235,6806
1055,"Webb, Alexander and Franklin",196,6266
1056,Ramos-Williams,120,3212
1057,Hartman-Ware,21,1250
1058,Smith-Rojas,262,8787
1059,"Boyer, Smith and Jordan",294,8196
1060,"Cobb, Lowe and Chapman",257,8454
1061,"Freeman, Freeman and Allen",223,5425
1062,Avery Ltd,227,5716
1063,Allen-Kelley,54,2482
1064,Graham Ltd,281,8770
1065,"Richmond, White and Meadows",82,2021
1066,"Lopez, Ramirez and Lopez",203,6445
1067,Ortiz-Skinner,159,3815
1068,Williams-Solis,121,3740
1069,"Stevens, Robertson and Wilson",60,1928
1070,Gardner-Martin,216,6106
1071,"Jefferson, Davis and Murphy",129,3034
1072,Ramirez-Lewis,225,6820
1073,Lee LLC,210,6245
1074,Taylor and Sons,116,3014
1075,Casey LLC,210,5266
1076,Smith-Garner,15,1250
1077,Spears and Sons,10,1250
1078,Smith Group,41,1250
1079,"Hughes, Crawford and Olson",238,7183
1080,Stephens Inc,282,9433
1081,"Huynh, Jackson and Romero",202,5693
1082,Harrison-Williams,247,8907
1083,Fletcher-Hale,279,9433
1084,Fuentes and Sons,236,6126
1085,"Snyder, Murphy and Sanchez",5,1250
1086,"Mcneil, Obrien and Smith",155,6753
1087,"Kennedy, Anderson and Moss",30,1250
1088,Proctor Inc,110,3336
1089,"Ray, Navarro and Peterson",99,1299
1090,Santiago PLC,216,5948
1091,Pennington and Sons,294,9375
1092,Glass-Graves,76,4709
1093,Rubio LLC,147,4213
1094,"Rodriguez, Cooper and Hayes",129,2207
1095,Ramirez Group,43,1250
1096,Baker PLC,42,1250
1097,"Kelley, White and Carpenter",35,2227
1098,"Nguyen, Mcdonald and Walker",18,1250
1099,Webster-Walker,166,5440
1100,Stephenson-Raymond,154,5929
1101,Jones LLC,77,1589
1102,Perkins-Perez,88,2659
1103,Hendricks-Watson,118,3019
1104,Hurley-Cummings,28,1250
1105,Brock-Gallagher,288,7633
1106,Herrera Group,135,3706
1107,Greene-Beck,220,6572
1108,"Bolton, Mccann and Schneider",169,4698
1109,"Moore, Nelson and West",99,2808
1110,Morris-Galloway,269,8475
1111,"Smith, Taylor and Thornton",238,8378
1112,Smith-Cummings,174,6531
1113,Jimenez Inc,191,6491
1114,Johnson LLC,123,2430
1115,White Inc,47,1250
1116,Davis Ltd,65,1675
1117,Smith PLC,131,3272
1118,Briggs Inc,194,6162
1119,Wu-Johnson,182,3865
1120,Jenkins-Bauer,293,9433
1121,Williams-Murphy,283,9433
1122,Russo Inc,30,1378
1123,Richardson-Gonzalez,150,4437
1124,"Smith, Atkinson and Buchanan",268,9268
1125,Cole and Sons,297,9433
1126,"Flores, Foster and Hood",12,1466
1127,Cervantes-Christian,165,4890
1128,Powell-Smith,114,5209
1129,Rodriguez Inc,188,6806
1130,Watson Ltd,296,9389
1131,"Glenn, Weiss and Smith",233,8245
1132,Stein-Lowe,228,6420
1133,"Schneider, Horton and Contreras",99,1802
1134,"Lam, Hall and Floyd",56,2001
1135,Chaney Inc,112,3302
1136,Mcintosh-Ruiz,153,4392
1137,Giles-Chaney,247,8626
1138,Hernandez-West,70,2267
1139,Smith-Lee,290,8963
1140,Hodge-Roberts,251,7202
1141,Gordon Group,37,1991
1142,Chung PLC,240,7901
1143,"Barker, Reynolds and Davis",149,5343
1144,Ball Ltd,228,6342
1145,Chandler Group,245,8654
1146,Martin Ltd,202,7898
1147,"Griffith, Galvan and Figueroa",155,5492
1148,Cardenas and Sons,74,1410
1149,Pham-Lowery,202,5257
1150,Foster-Brown,297,8534
1151,Williams and Sons,18,1250
1152,Ellison Inc,130,3828
1153,Spence-Simpson,218,7172
1154,"Chandler, Hammond and Schultz",62,2149
1155,Acosta LLC,105,3352
1156,"Jimenez, Hodge and Erickson",43,1250
1157,Gutierrez Group,26,1250
1158,Olsen Group,40,1996
1159,Jones Group,292,6748
1160,"Bowers, James and Swanson",132,3948
1161,Mccall LLC,230,7187
1162,Boyer-Higgins,109,4053
1163,Wright-Hardy,173,4179
1164,Spears LLC,103,2027
1165,Davis-Clarke,13,1250
1166,"Greer, Gilmore and Harris",276,6375
1167,Aguirre-Anderson,102,4392
1168,Evans-Hughes,45,1576
1169,Young Inc,18,2098
1170,Kramer Inc,58,1250
1171,"Howard, Reed and Williams",13,1250
1172,"Parker, Espinoza and Schroeder",81,1250
1173,Brown and Sons,217,5714
1174,Bartlett-Crosby,265,7766
1175,Parsons-Good,150,2537
1176,Dean-Reed,82,2065
1177,"Gonzalez, Villegas and Wilson",216,4492
1178,"Morrison, Bailey and Thompson",199,5712
1179,Robbins Ltd,201,7177
1180,"Hernandez, Casey and Kim",26,1250
1181,"Lee, Sullivan and Moore",90,4358
1182,Vasquez Inc,269,8856
1183,"Kerr, Hanson and Beltran",144,5668
1184,Cox-Mendoza,60,1250
1185,Mayer Ltd,27,1250
1186,Manning PLC,48,1785
1187,Williams-Fowler,289,7092
1188,Baker and Sons,267,8481
1189,Sanders-Anderson,17,1250
1190,Smith-Wood,200,7329
1191,"Garcia, Chapman and French",283,9169
1192,Gonzalez-Evans,87,3706
1193,Gregory Ltd,251,6775
1194,Barnes Group,271,9178
1195,Lewis Inc,118,4984
1196,Johnson-Sosa,8,1250
1197,"Cook, Ramirez and Gonzalez",138,3400
1198,"Smith, Wilson and Hunter",177,4588
1199,"Thomas, Randolph and Ray",216,7719
1200,"Padilla, Maldonado and Mcdonald",83,5174
1201,Hayes PLC,224,5738
1202,Johnson-Perez,104,2061
1203,Hall-Perez,274,9141
1204,"Short, Murray and Curry",15,1250
1205,Jenkins Ltd,160,5818
1206,Romero Group,153,5055
1207,"Reyes, Bernard and Arnold",109,3246
1208,Beltran LLC,189,6111
1209,"Rocha, Reed and Smith",99,3350
1210,Weaver-Ward,132,3780
1211,Gonzalez-Williams,294,7063
1212,Hansen Group,172,5338
1213,Dorsey-Travis,184,7093
1214,Porter-Wilson,40,1250
1215,Hardy LLC,16,1250
1216,Hunter-Santos,5,1250
1217,Neal Ltd,211,6368
1218,Bray Ltd,162,5271
1219,Hutchinson LLC,17,1250
1220,"Mcclure, Winters and Anderson",109,4432
1221,Flynn-Hernandez,228,6886
1222,Garrett-Reese,171,5826
1223,Carpenter-Collins,35,1370
1224,Lewis Ltd,252,7735
1225,Ryan Ltd,248,8066
1226,"Fernandez, Carter and Thompson",270,8286
1227,Coleman-Oliver,142,3069
1228,"Brown, Green and Hall",275,9337
1229,Houston-Spencer,97,3728
1230,Wood-Cruz,228,4733
1231,Price LLC,40,1250
1232,"French, Villanueva and Bailey",30,1942
1233,Campbell-Zavala,246,5553
1234,Wilkerson-Roman,237,8053
1235,"Stevenson, Page and Hess",186,5438
1236,"Smith, Howard and Roy",273,9433
1237,Ramirez-Hahn,237,7108
1238,Massey-Flynn,240,6477
1239,Ramirez-Townsend,267,8318
1240,Beltran Inc,66,1949
1241,Sanchez-Hancock,178,4529
1242,White PLC,4,2338
1243,Mitchell-Bradley,143,3318
1244,Ramos-Perez,159,2527
1245,Reed Group,147,5991
1246,Gonzalez-Hernandez,294,8236
1247,Burns-Baker,154,4323
1248,Smith-Clark,194,5462
1249,Smith LLC,74,1650
1250,"Johnson, Warner and Kidd",141,3463
1251,Morton-Jones,188,4643
1252,"Brown, Lewis and Rodriguez",294,8884
1253,Moore Group,62,1458
1254,Mendez LLC,199,6700
1255,"Pacheco, Wood and Miller",296,9362
1256,"Conley, King and Torres",12,1250
1257,"Hess, Walters and Gray",63,1998
1258,Rowland Ltd,227,6392
1259,"Ball, Stevens and Miller",154,3628
1260,Carter Inc,200,6689
1261,"Johnson, Thomas and Farrell",53,1468
1262,Gibson-Riley,261,7422
1263,"Lopez, Marks and Patterson",60,1250
1264,Mcgee-Wolf,73,1250
1265,Garner Group,149,6458
1266,Miller Group,64,2254
1267,Evans PLC,244,6228
1268,Clark-Moreno,108,3527
1269,Guerrero-Barnes,227,7872
1270,Good-Weeks,219,6737
1271,Mcguire and Sons,242,8634
1272,"Clements, Hill and Roberts",260,6257
1273,Watts Ltd,263,5898
1274,Dennis Inc,6,1250
1275,Walsh and Sons,262,8136
1276,Schroeder-Spencer,55,1250
1277,Warren and Sons,48,1250
1278,Price LLC,216,5471
1279,"Watts, Conrad and Short",178,3948
1280,"Rodriguez, Merritt and Martinez",10,1250
1281,"Ferguson, Espinoza and Phillips",100,3595
1282,Bowman Inc,21,1250
1283,Garcia LLC,242,6276
1284,Melendez Ltd,62,1250
1285,"Lopez, Sosa and Cobb",179,6638
1286,"Richard, Stevens and Cherry",63,2324
1287,Taylor and Sons,146,1887
1288,"Jenkins, Taylor and Salazar",217,5527
1289,"Banks, Ramirez and Fowler",4,1250
1290,Williams-Rose,161,6111
1291,Taylor Ltd,228,7680
1292,Hernandez Ltd,270,7744
1293,"Morris, Manning and Reed",121,1698
1294,"Nguyen, Burke and Mccullough",90,3570
1295,"Perez, Phillips and Anderson",69,1773
1296,"Jordan, Price and Black",99,3038
1297,Solomon-Morrison,268,7862
1298,"Thomas, Davis and Moore",106,1824
1299,Hill-Clark,124,4084
1300,Walls-Johnson,30,1250
1301,Pope PLC,138,3714
1302,Miller-Campbell,196,6351
1303,"Snyder, Craig and Smith",227,5436
1304,"Ruiz, Phillips and Thomas",171,4860
1305,Anderson PLC,10,1250
1306,Harrison-Sims,41,1250
1307,Hart Inc,26,1250
1308,Foster-Graves,262,8593
1309,"Cruz, Pitts and Taylor",227,6506
1310,Mcpherson PLC,125,3715
1311,Stewart Inc,39,1732
1312,Dominguez-Anderson,252,7172
1313,"Norman, Williams and Perez",177,5012
1314,Page Ltd,91,1553
1315,Peck Group,38,1250
1316,Valdez-Watkins,177,4975
1317,Vincent LLC,285,9049
1318,"Cochran, Phillips and Mclean",82,3023
1319,"Morse, Ellis and Bishop",115,4241
1320,Rowe Inc,41,1250
1321,"Hobbs, Humphrey and Hammond",225,4573
1322,"Thomas, Burke and Ward",116,4221
1323,Lopez Inc,187,6041
1324,"Alexander, Berger and Porter",57,1250
1325,"Contreras, Patel and Sanders",41,1784
1326,"Schmitt, Schaefer and Walton",41,1250
1327,"Hall, Thompson and Gonzalez",238,8170
1328,Evans LLC,290,8366
1329,Rodriguez Ltd,263,7061
1330,Fritz and Sons,217,5888
1331,Brown Inc,148,4208
1332,Burgess Ltd,169,5057
1333,Morris LLC,93,2838
1334,Hendricks-Franklin,60,1370
1335,Robinson and Sons,60,2000
1336,Moss PLC,170,5108
1337,Turner Inc,270,7452
1338,Thomas Ltd,46,1250
1339,Roberts-Henry,182,6068
1340,Martin-Dawson,171,5654
1341,"Murphy, Stephens and Lawrence",192,5817
1342,"Byrd, Hopkins and Riley",156,5604
1343,Mccarthy Inc,189,3708
1344,Morris Group,8,1250
1345,"Hart, Jensen and Smith",134,2863
1346,Smith-Morris,236,9336
1347,Holt-Gilmore,46,2093
1348,Burke Ltd,250,7420
1349,Henry-Ryan,32,1744
1350,"Chavez, Johnson and Maldonado",24,1836
1351,"Bishop, Townsend and Thomas",161,5935
1352,"Anderson, Johnson and Sutton",159,5691
1353,Callahan-Thompson,40,1250
1354,"Anderson, Vargas and Bonilla",83,1988
1355,Strickland Inc,259,6807
1356,Sanders-Watson,207,6712
1357,"Brooks, Gordon and Payne",78,2181
1358,Velasquez Group,13,1250
1359,Davenport Inc,296,8409
1360,"Villegas, Solomon and Diaz",225,8200
1361,"Turner, Hernandez and Rubio",14,1372
1362,"Harris, Mills and Bates",47,3240
1363,Willis-Rogers,156,5209
1364,"Alexander, Gutierrez and Salazar",114,3476
1365,"Greer, Black and Jackson",234,6994
1366,Gentry-Curtis,18,1250
1367,Walton PLC,224,5458
1368,Williams-Stone,189,6177
1369,"Wilson, Bradley and Smith",164,3985
1370,Pacheco-Spencer,75,2461
1371,Walsh Inc,234,8135
1372,Miller-Griffin,225,6084
1373,Barnes Inc,61,3840
1374,Garrison LLC,223,5699
1375,Higgins PLC,38,2130
1376,Stevenson-Burch,279,8794
1377,Sullivan-Smith,197,7104
1378,Barker-Landry,243,6173
1379,"Buck, Bryant and Marsh",220,8907
1380,"Payne, Morris and Ramos",193,5611
1381,Chambers LLC,18,1250
1382,"Carlson, Rose and Roth",13,1834
1383,"Bowman, Patterson and Reeves",194,5215
1384,Hall-Arnold,23,1515
1385,Cannon Inc,121,2858
1386,"Hardy, Morales and Kennedy",211,7726
1387,"Wheeler, Bryan and Spears",271,7369
1388,Parker-Morgan,193,5828
1389,"Lyons, Hansen and Castillo",176,5586
1390,Smith Group,286,9364
1391,Chavez Ltd,205,8118
1392,Phillips-Ramirez,165,4498
1393,"Flores, Hughes and Gross",252,8698
1394,"Hendrix, Fleming and White",228,8810
1395,Erickson and Sons,8,1250
1396,Davis-Gibson,30,1250
1397,Duncan-Wilson,34,1250
1398,Lambert-Lin,135,5933
1399,Adams LLC,80,2155
1400,Johnson LLC,59,1250
1401,"Phillips, Grant and Clayton",27,1250
1402,"Robinson, Wilson and Johnson",227,5806
1403,"Lewis, Murillo and Taylor",286,9433
1404,Green LLC,5,1250
1405,Hopkins-Ward,100,3652
1406,Williams-Brock,40,1332
1407,"Barrett, Gray and Bowman",272,6914
1408,Mcdaniel and Sons,286,7850
1409,Myers Inc,158,3633
1410,Flores-Griffith,76,2852
1411,May-Richardson,289,7606
1412,"Macias, Moore and Thornton",131,3215
1413,Curry-Shah,176,5096
1414,French PLC,85,1250
1415,Hodge-Nelson,23,1250
1416,Evans Group,28,1250
1417,"Hart, Miller and Mccarty",196,7064
1418,Webb-Nelson,237,6290
1419,Johns and Sons,93,1490
1420,Frazier-Gomez,22,1250
1421,"Pierce, Moore and Butler",85,1451
1422,"Morris, Manning and Soto",263,7929
1423,"George, Johnson and Shelton",148,2580
1424,Meyer LLC,258,7134
1425,Schultz-Murray,59,1250
1426,Vargas LLC,16,1250
1427,Marshall-Hill,163,4079
1428,Jones Ltd,164,3183
1429,Franklin-Mccoy,282,8258
1430,Snyder PLC,281,8749
1431,Mayo LLC,13,1250
1432,Travis-Brown,275,7638
1433,Walker Ltd,272,7488
1434,"Moore, Dean and Doyle",209,6382
1435,"Hill, Phillips and Orozco",28,1250
1436,Foster and Sons,73,1861
1437,Stanton-Brown,61,2580
1438,Ellis Inc,146,3078
1439,Knapp Ltd,94,2776
1440,Mcintyre Inc,9,1250
1441,"Grimes, Thompson and Payne",80,2627
1442,Lyons-Mckenzie,28,1250
1443,Waters PLC,175,6269
1444,Poole-Evans,51,1250
1445,Caldwell-Reid,200,6442
1446,Sullivan-Smith,182,6681
1447,King Inc,25,1250
1448,"Simpson, Powell and Hanson",47,1250
1449,Gregory LLC,16,1250
1450,"Osborne, Martinez and Chavez",154,4134
1451,"Gutierrez, Kemp and Miller",223,7207
1452,"Young, Hawkins and Green",207,5642
1453,Flowers-Luna,274,7099
1454,Brown-Frost,237,5091
1455,Sanders PLC,229,8471
1456,"Wright, Campos and Nelson",10,1980
1457,"Wu, Pearson and Wright",167,5570
1458,"Moyer, Roth and Miller",215,5639
1459,Burgess LLC,118,4287
1460,Williams-Hopkins,73,3138
1461,"Russell, Perkins and Johnson",65,1695
1462,Harrison PLC,206,6221
1463,"Bray, Miller and Alexander",210,7531
1464,Campos Ltd,73,1250
1465,Grant-Mcdowell,278,9338
1466,Kemp PLC,275,7940
1467,Kelly and Sons,96,1767
1468,"Knight, Christensen and Munoz",167,3979
1469,"Brown, Blake and Phelps",33,1250
1470,"Salazar, Eaton and Johnson",12,1250
1471,Harrison PLC,218,8311
1472,"Bell, Mccarthy and Sanchez",290,9191
1473,"Petersen, Monroe and Schmidt",103,4154
1474,Aguirre LLC,268,8602
1475,Roach and Sons,215,6511
1476,Elliott Inc,180,5474
1477,Jefferson-Lynch,89,2272
1478,"Cochran, Hernandez and Rogers",42,1250
1479,"Washington, Wagner and Jackson",77,1250
1480,Walls-Palmer,47,2491
1481,Campbell-Carr,161,3016
1482,Galvan-Benitez,81,1371
1483,"Clark, Allen and Armstrong",87,4622
1484,Kelly-Holden,93,2926
1485,Olson-Tucker,149,4647
1486,"Camacho, Miller and Gomez",162,5497
1487,"Johnson, Torres and Mack",203,4549
1488,"Booth, Mendoza and James",243,5896
1489,Lee Ltd,3,1250
1490,Fitzpatrick-Solomon,226,5876
1491,"Bailey, Ross and Cobb",290,8625
1492,Garcia PLC,234,7505
1493,"Smith, Raymond and Ortiz",78,3729
1494,"Hester, Mills and Howard",117,4321
1495,Rodriguez-Barron,155,3655
1496,"Pollard, Mata and Lynch",104,2745
1497,Espinoza-Fernandez,195,5203
1498,Willis Group,167,3993
1499,Jackson-Kim,91,1485
1500,Murillo-Phillips,175,6914
1501,Hines PLC,123,3700
1502,James PLC,144,4095
1503,Mcdowell-Allen,107,3694
1504,Reeves-Rice,124,4253
1505,Watts Inc,10,1418
1506,Evans-Mills,263,7146
1507,Garrett LLC,74,2622
1508,Sanchez Inc,224,5808
1509,Steele-Stevenson,42,1250
1510,"Sutton, Hooper and Williams",205,6206
1511,Martin-Jones,265,8104
1512,"Thomas, Russell and Johnson",179,5480
1513,"Welch, Simmons and Brown",85,3351
1514,"Schmidt, Williams and Morris",112,2763
1515,Blackburn and Sons,252,7741
1516,"Conley, Fernandez and Nicholson",8,1250
1517,"Franklin, Hahn and Adams",85,5470
1518,Friedman-Graves,209,5357
1519,Hancock and Sons,23,1250
1520,Weaver-Haley,4,1250
1521,"Willis, Peters and Harvey",128,3410
1522,Jackson and Sons,298,9433
1523,Leach Ltd,189,5823
1524,"Wilson, Reed and Chavez",15,1250
1525,"Miller, Smith and Green",13,1250
1526,Valdez-Fleming,88,1851
1527,Vazquez LLC,13,1250
1528,"Brown, Boyd and Jones",26,1250
1529,Whitaker PLC,244,6488
1530,"Fox, Goodwin and Chen",123,3580
1531,Hernandez-Sharp,148,3345
1532,"Marquez, Thompson and Dennis",56,2435
1533,Evans Group,239,8117
1534,Perry-Baldwin,174,4515
1535,Winters-Fowler,222,5899
1536,Holder-Howe,120,3777
1537,Daniel Inc,184,6785
1538,Branch Inc,289,9433
1539,Sandoval Group,83,1250
1540,"Henderson, Ward and Lewis",212,7366
1541,Smith Group,151,4468
1542,"Olson, Garza and Carlson",38,1250
1543,Brown and Sons,60,2304
1544,Brown PLC,132,3479
1545,Bennett-Allen,203,7186
1546,"Cohen, Douglas and Smith",244,8743
1547,Palmer LLC,36,2541
1548,Butler-Harris,94,1250
1549,"Campos, Thompson and Ingram",208,6010
1550,Williams-Coleman,214,4484
1551,Stone-Steele,160,4034
1552,"Collins, Johnson and Jones",25,1250
1553,Lowery LLC,294,9270
1554,Miller-Green,5,1250
1555,"Schultz, Bean and Park",221,6197
1556,"Morris, Henderson and Osborn",21,1250
1557,Henderson-Miller,153,4904
1558,"Hanson, Anderson and Warner",51,1250
1559,Singleton and Sons,178,4260
1560,"Byrd, Thompson and Faulkner",97,1707
1561,"Wright, Simpson and Brown",106,2976
1562,Wright-Stewart,251,6947
1563,"Long, Clark and Young",118,3155
1564,"Foster, Jones and Silva",229,7391
1565,Rivera-Allen,67,2973
1566,"Howard, Brooks and Morgan",263,9340
1567,Anderson Group,296,8940
1568,"Gardner, Mitchell and Reed",244,7667
1569,Miller-Austin,187,5798
1570,Rivera-Freeman,247,5735
1571,Brooks PLC,126,3410
1572,Sanchez-Hebert,269,7704
1573,Fischer-Watson,132,3449
1574,Armstrong-Woods,238,7099
1575,"Allen, Sandoval and Winters",19,1250
1576,"Richardson, Price and Christian",41,1250
1577,Poole LLC,22,1250
1578,Young and Sons,226,6140
1579,Moore LLC,283,5870
1580,"Woodard, Gaines and Rollins",9,1250
1581,"Meadows, Mcdaniel and Cunningham",101,3118
1582,"Smith, Johnson and Johnson",241,8321
1583,Young Inc,88,1250
1584,"Cohen, Wolf and Becker",15,1250
1585,Escobar Group,3,1250
1586,Bell LLC,294,9433
1587,Norman-White,42,1250
1588,Mcintyre and Sons,112,2677
1589,Vaughn-Fritz,15,1669
1590,Rivera-Walter,232,7756
1591,Campbell PLC,85,3408
1592,Hernandez-Parker,131,3461
1593,Campbell LLC,232,8073
1594,Edwards PLC,146,2434
1595,Paul-Maldonado,29,2001
1596,Cruz and Sons,67,1943
1597,"Shelton, Roberts and Barnes",164,5048
1598,Mcknight PLC,230,5954
1599,Moon and Sons,262,6045
1600,Stanley-Phillips,165,5057
1601,Vasquez-Berger,288,9191
1602,Davis Inc,11,1250
1603,"Cox, Roman and Wallace",196,6474
1604,Gardner-Carrillo,119,3938
1605,Gates-Leonard,271,7206
1606,"Gomez, Barrera and English",81,3197
1607,Hardin Inc,94,1784
1608,"Ayers, Davis and Thomas",267,9117
1609,Cortez-Simon,258,7656
1610,Gomez-Castro,134,3969
1611,Rice-Martinez,277,9175
1612,Sanchez-Payne,265,8951
1613,Ellis-Morgan,172,5930
1614,"Buck, Ford and Scott",2,1250
1615,White Group,65,2712
1616,"Thomas, Marshall and Smith",285,7735
1617,Dennis and Sons,122,4447
1618,Perez Inc,108,1814
1619,"Rollins, Johnson and Bailey",176,5186
1620,"Martinez, Hobbs and Watson",205,5329
1621,Romero Ltd,166,5849
1622,Smith and Sons,121,4745
1623,Taylor-Orozco,45,1548
1624,"Barajas, Hammond and Hamilton",157,4876
1625,Morris-Mccormick,208,6944
1626,Tate-Baldwin,109,4391
1627,Curry-Acosta,252,7597
1628,"Johnson, Cruz and Gonzalez",131,3430
1629,"Davis, Costa and Jefferson",294,9433
1630,Brooks-Gardner,21,1250
1631,Taylor LLC,283,9399
1632,Conrad Ltd,286,7869
1633,Blackburn-Payne,2,1250
1634,Higgins-Mills,120,4516
1635,Long-Martinez,36,1250
1636,"Fowler, Carr and Guzman",199,6617
1637,White Ltd,246,8518
1638,"Fox, Mathis and Thomas",60,1910
1639,Costa and Sons,162,5171
1640,Reeves Inc,180,5280
1641,Perez-Fox,207,6325
1642,Payne-Gonzalez,13,1250
1643,Osborne-Stewart,277,8016
1644,Mason-Jones,182,4171
1645,White Ltd,243,6391
1646,Leon-Schultz,217,4507
1647,Reeves-Tate,252,7823
1648,Zamora-Roberts,127,5501
1649,Fisher Inc,218,6083
1650,Castillo Inc,286,9433
1651,"Lane, Grant and Ball",186,6705
1652,"Soto, Haney and Price",40,1250
1653,Singleton-Cooper,224,5736
1654,"Miller, Beard and Lopez",185,6540
1655,Diaz Inc,179,5277
1656,Smith Group,295,7559
1657,"Berry, Levy and Jones",152,3923
1658,"Thomas, Hicks and Myers",127,4229
1659,Ross-Lee,235,6256
1660,Oconnor-Nguyen,9,1250
1661,"White, Mendez and Phillips",130,3577
1662,"Martin, Lynch and Boyd",265,7709
1663,Harrell-Noble,158,4749
1664,"Lewis, Hale and Hanna",6,1438
1665,"Anderson, Faulkner and Solomon",87,2663
1666,Barnett-Johnson,176,5522
1667,Hardin-Scott,291,9433
1668,"Rivera, Johnson and Buck",194,5830
1669,Gonzalez-Benson,120,5736
1670,"Hill, Jones and Wagner",219,5306
1671,"Myers, Sanders and Smith",115,2515
1672,Alvarez-Barton,146,4993
1673,Henry-Lawson,27,2064
1674,"Mays, Ford and Cordova",137,3909
1675,Stokes-Ritter,233,5979
1676,"Bennett, Williams and Holmes",77,4070
1677,"Jackson, Marshall and Wilkerson",290,7907
1678,Jensen PLC,2,1250
1679,Adkins-Schroeder,148,5754
1680,"Bean, Jensen and Garcia",288,8198
1681,"Reyes, Mathis and Anderson",143,3667
1682,Brooks Inc,54,1250
1683,"Holmes, Lewis and Medina",70,3001
1684,"Wall, Hale and Johnson",91,3790
1685,"Osborne, Hayes and Hensley",221,6663
1686,"Freeman, Ellis and Guerrero",193,7673
1687,Nelson PLC,64,1951
1688,White and Sons,74,3512
1689,"Mccall, Gardner and Jackson",162,4427
1690,Wilson-Hernandez,170,7433
1691,Rice PLC,90,4270
1692,Williams-Rogers,177,5182
1693,Keith-Blackwell,270,9433
1694,Lewis PLC,74,3603
1695,Williams-Dawson,246,8933
1696,Warren LLC,78,1250
1697,George-Sullivan,160,5519
1698,"Stephens, Sanchez and Jones",99,3512
1699,Thomas LLC,103,3561
1700,Gonzalez Group,133,4208
1701,Clark-Tapia,103,3337
1702,Ramos-Rodriguez,20,1883
1703,"Walker, Fernandez and Sanchez",83,3029
1704,Carson LLC,280,8616
1705,Strickland Ltd,130,5039
1706,King-Green,90,3118
1707,"Stone, Spencer and Wolfe",214,6933
1708,Gonzalez and Sons,144,6187
1709,"Burke, Roberts and Keller",66,1545
1710,Gomez-Curtis,77,1250
1711,"Chambers, Allen and Vazquez",200,6072
1712,Chaney-Bass,144,4534
1713,Brown-Bond,94,3541
1714,Martinez Ltd,225,6857
1715,Webster Group,292,9433
1716,Weaver LLC,103,5594
1717,George-Silva,268,8841
1718,Bailey PLC,111,4307
1719,Sherman Ltd,266,7850
1720,Black LLC,4,1250
1721,Peters-Taylor,86,1250
1722,Vaughn-Lindsey,283,7971
1723,Keller Group,118,1250
1724,Buchanan PLC,222,7173
1725,Mora-Lyons,155,4267
1726,Mcguire-Chang,154,3306
1727,"Shepherd, Smith and Patterson",13,1250
1728,"Henderson, Ellis and Webb",134,3281
1729,Lang-Ward,294,9270
1730,Hendrix Inc,229,7577
1731,Hall-Johnson,272,7458
1732,Nguyen-Gilmore,44,1250
1733,Costa PLC,22,1250
1734,"Davis, Jones and Espinoza",108,1832
1735,"Roberts, Clements and Wheeler",118,3754
1736,Stein-Gray,125,2318
1737,Romero-Mendoza,282,9025
1738,"Gomez, Alexander and Hall",293,8354
1739,"Lee, Bowman and Adams",204,4683
1740,"Valencia, Jones and Powell",52,1250
1741,"Warren, Washington and Smith",272,7622
1742,Cooke and Sons,278,9408
1743,"Clark, Bradley and Allen",142,4433
1744,"Browning, Spence and Ellison",276,7323
1745,Anderson-Jones,291,9433
1746,Young-Dougherty,53,2216
1747,Cooper-Mahoney,28,1250
1748,"Allen, Ruiz and Wood",158,3186
1749,Hardy PLC,240,6775
1750,"Dillon, Morrison and Martin",157,4489
1751,Rodgers Inc,292,9129
1752,Fuller-Kirk,137,4717
1753,Tran LLC,145,5156
1754,Savage PLC,107,1598
1755,Sutton-Hebert,159,4978
1756,Hoffman Ltd,147,4250
1757,"Bentley, Snow and Davies",3,2767
1758,"Hernandez, Davis and Martin",78,2404
1759,Delacruz-Camacho,133,3367
1760,Valenzuela Group,91,2840
1761,Ortega Inc,264,7911
1762,"Mckenzie, Stewart and Burton",109,1280
1763,Ward Group,75,2658
1764,Bell Inc,40,1250
1765,"Craig, Jackson and Johnson",160,4773
1766,"Rivera, Dunn and White",72,1286
1767,Johnson-Davis,242,6166
1768,Schneider Group,37,1988
1769,Rivera Group,85,3658
1770,"Reeves, Drake and Rollins",264,8338
1771,Lewis-Murphy,173,3379
1772,Shaw and Sons,174,5703
1773,Hart LLC,48,1250
1774,Brown-Barton,142,3598
1775,Estes Inc,119,4435
1776,Miller-Martinez,278,8997
1777,Neal-Turner,215,6906
1778,Adkins-Williams,221,7942
1779,Hamilton Ltd,27,1370
1780,Smith-Schwartz,10,1250
1781,"Brown, Humphrey and Velasquez",272,7790
1782,Smith and Sons,11,1250
1783,Miller Inc,122,3501
1784,"Harrison, Miller and Smith",126,3162
1785,Gonzales and Sons,171,4099
1786,Ellis-Durham,73,4590
1787,Evans-Gordon,153,4201
1788,Moore-Scott,209,8621
1789,"Nguyen, Stokes and Duke",50,1250
1790,Tucker Ltd,155,5307
1791,Rivera Inc,294,9049
1792,Gray-Cox,69,1250
1793,Perez LLC,51,1250
1794,Lawrence-Sharp,153,4574
1795,Scott-Branch,20,1250
1796,"Reese, Pace and Ramos",101,2773
1797,"Gonzalez, Medina and Lowe",61,1250
1798,"Ruiz, Castillo and Medina",168,5751
1799,Allen-Hall,203,7317
1800,Gonzalez-Bishop,147,4864
1801,Arroyo Group,165,7214
1802,Garcia-Rodriguez,243,7972
1803,"Crawford, Paul and Morgan",70,3242
1804,Jackson PLC,176,6518
1805,Palmer Group,50,1250
1806,"Koch, Espinoza and Arnold",109,3693
1807,"Moreno, Dalton and Johnston",227,5427
1808,Adams-Mcgrath,162,3679
1809,"Bryant, Lambert and Lloyd",120,2593
1810,Watts-Murphy,150,4187
1811,"Brown, Holmes and Brown",151,5180
1812,Gray-Williams,294,9253
1813,"Jenkins, Kennedy and Miller",144,4307
1814,"Barnett, Koch and Reed",161,5552
1815,Navarro Ltd,12,1250
1816,Smith LLC,139,4612
1817,Sanchez and Sons,79,1250
1818,Reed Inc,78,1600
1819,"Perry, Benitez and Walter",255,7676
1820,Bell-Kline,259,8503
1821,Williams Ltd,292,7431
1822,"Fuller, Smith and Andrade",264,7908
1823,Richard Group,86,1250
1824,"Wright, Livingston and Young",147,5435
1825,English-Byrd,43,1532
1826,Shaw-Roberts,126,2433
1827,White and Sons,168,3687
1828,Reyes-Cain,242,7647
1829,"Griffith, Armstrong and Hill",281,9433
1830,Maddox LLC,189,4573
1831,Caldwell-Dixon,20,1386
1832,Cross-Rose,69,1527
1833,Orr-Davis,219,7393
1834,Thompson-Smith,103,3773
1835,Rodriguez Ltd,43,1445
1836,Massey and Sons,289,6835
1837,Braun-Werner,168,5721
1838,Harris-Cherry,110,3802
1839,"Carter, Estes and Herrera",37,1520
1840,Ballard LLC,233,7185
1841,Pruitt and Sons,230,6021
1842,"Hamilton, Hernandez and Rogers",165,6032
1843,"Peters, Heath and Morgan",74,3118
1844,Brown Group,137,3034
1845,"Walsh, Arnold and Johnson",71,3444
1846,Martin PLC,197,6041
1847,"Martin, Stanley and Chandler",270,8229
1848,Elliott-Davis,50,1323
1849,Park-Manning,131,3852
1850,Andrews LLC,6,1550
1851,Ruiz-Lewis,28,1873
1852,"Vincent, Collins and Salas",161,5841
1853,Bailey LLC,150,4684
1854,Carson LLC,265,8839
1855,Moore-Fox,231,6095
1856,Davis Group,201,6613
1857,"Valencia, Foster and Tucker",51,1376
1858,"Nunez, Palmer and Johnson",68,1250
1859,Parker PLC,59,1250
1860,"Phillips, Murphy and Collier",260,7137
1861,"Davis, Ramirez and Dominguez",131,4345
1862,"Young, Heath and Turner",216,5817
1863,"Benton, Montes and Estrada",173,4598
1864,Smith and Sons,259,8533
1865,Byrd LLC,103,2534
1866,"Howard, Shepard and Ayers",210,7630
1867,Williams Group,292,9433
1868,Smith LLC,287,8631
1869,Flores-Fuentes,117,4263
1870,Sutton and Sons,265,8567
1871,Chandler-Taylor,151,4284
1872,Smith-Stevens,37,1971
1873,Hunter PLC,288,9433
1874,"Thompson, Bell and Brown",209,5317
1875,"Hines, Hamilton and Johns",107,3363
1876,"Chang, Campbell and Vega",159,4912
1877,Jones PLC,122,4509
1878,Chambers-Wilson,56,1250
1879,Lewis-Thompson,13,1250
1880,Castro PLC,146,4548
1881,Hernandez-Stewart,137,5291
1882,Gray-Ryan,4,1250
1883,"Carr, Weeks and Ibarra",145,3325
1884,Evans-Martinez,31,1250
1885,"Barton, Woods and Anderson",238,6797
1886,Lee-Moreno,280,6634
1887,Sullivan-Griffith,116,4978
1888,"Crawford, Lewis and Mccall",105,3019
1889,"Turner, Ramsey and Martin",119,3289
1890,Collins-Freeman,6,1802
1891,"Turner, Patterson and Patton",249,8187
1892,Thornton PLC,122,3124
1893,Dennis-Mcclure,287,8774
1894,"Chen, Graves and Jennings",150,4458
1895,Martin Group,85,3998
1896,"Barr, Scott and Kim",232,6792
1897,Sellers-Collins,289,7227
1898,Rivera and Sons,162,2982
1899,Tran-Valdez,273,9433
1900,Allen and Sons,39,1250
1901,"Alvarez, Holder and Davis",227,7480
1902,Rivera-Dorsey,143,4361
1903,Miller-Miller,293,8373
1904,Lowe-Cooper,152,4300
1905,Jenkins and Sons,115,5033
1906,Graves-Neal,238,5691
1907,Johnson-Miller,67,1623
1908,"Wallace, Lee and Bridges",259,8676
1909,Hebert-Rodriguez,250,6216
1910,Romero PLC,181,6747
1911,Knight-Smith,191,6622
1912,Moore-Harding,155,4921
1913,"Serrano, Perez and Henderson",197,5406
1914,Wilson Inc,263,6478
1915,"Patel, Mcmillan and Wilson",144,5027
1916,Collins-Bowen,102,5808
1917,"Salazar, Rodriguez and Smith",245,7495
1918,Ross PLC,13,1250
1919,Ramirez-Lester,240,7657
1920,Porter PLC,50,2360
1921,"Lee, Moyer and Burton",43,1250
1922,"Collins, House and Silva",167,4364
1923,Johnson-Hernandez,83,1742
1924,Craig-Mcintosh,292,8228
1925,"Jackson, Peterson and Tate",159,4597
1926,Henderson and Sons,217,5649
1927,"Carter, Ramirez and Ortiz",159,3534
1928,Cook-Jackson,135,4224
1929,Maldonado-Hamilton,68,1857
1930,Dickerson-Collins,8,1250
1931,Huerta-Wilkins,15,1250
1932,"Graham, Nichols and Espinoza",74,1250
1933,Reed-Roberts,164,5183
1934,Brown Ltd,67,1594
1935,Salinas and Sons,131,4169
1936,Patterson-Kelly,207,6609
1937,Martin LLC,277,9433
1938,Wood and Sons,257,7812
1939,"Jackson, James and Shepherd",267,9076
1940,Smith-Moore,26,1250
1941,Smith PLC,282,8185
1942,"Gonzales, Hanson and Roberson",254,7529
1943,Reid-Schaefer,290,9433
1944,Morse-Richmond,165,5580
1945,"Hernandez, Jones and Collins",96,3015
1946,Crane Ltd,271,6902
1947,Estrada-Larson,111,3943
1948,Bell and Sons,239,6308
1949,"Rogers, Melton and Haynes",26,1250
1950,Baird and Sons,142,3121
1951,Wright Group,118,3456
1952,David Ltd,26,1991
1953,Glover LLC,80,1434
1954,"Mcclure, Pena and Herrera",69,3748
1955,Johnson LLC,174,6129
1956,"Barrett, Montes and Greene",13,1250
1957,Riley-Ayers,289,8287
1958,"Horton, Good and Valdez",129,2829
1959,"Andrews, King and Davis",97,3574
1960,"Haney, Miller and Sloan",93,1801
1961,Barker-Miller,142,2638
1962,"Stanley, Nguyen and Cobb",32,1250
1963,Kim-Meyers,21,1799
1964,Liu-Houston,147,4217
1965,"Long, Rodriguez and Key",161,5228
1966,"Williams, Bowers and Jenkins",44,1757
1967,"Lowe, Jackson and Benson",255,6137
1968,Sims-Marquez,131,3030
1969,"Stewart, Tucker and Cole",61,1836
1970,Bolton PLC,152,4002
1971,Smith-Mcdaniel,288,9433
1972,"Wise, Williams and Bishop",6,1250
1973,"Moreno, Cook and Wolfe",267,7100
1974,"Haas, Martin and Carter",131,4220
1975,Johns-Gibson,268,7412
1976,Johnson-Mclaughlin,179,2478
1977,"Olson, Kim and Hansen",254,9433
1978,"Walters, Patterson and Lynch",57,1250
1979,Galloway and Sons,84,3080
1980,Fuller-Nguyen,100,1746
1981,Yoder PLC,150,3636
1982,"Spencer, Drake and Sherman",157,3087
1983,Carroll-Peters,191,4988
1984,"Andrews, Bennett and Morris",264,7275
1985,Joyce and Sons,81,2297
1986,"Cole, Stephenson and Carlson",253,7217
1987,Dominguez and Sons,98,1498
1988,Donovan Inc,261,7306
1989,"Perkins, Rivera and Salinas",261,9277
1990,Johnson Ltd,104,4448
1991,"Buchanan, Christian and Petersen",41,1685
1992,Hensley LLC,274,8883
1993,Solomon Inc,102,5120
1994,Fowler Ltd,222,7231
1995,Ray-Arnold,125,4394
1996,Austin Group,232,5395
1997,Frank-Marshall,179,4257
1998,"Thomas, Butler and Smith",64,1887
1999,Silva-Anderson,117,2702
2000,"Schmitt, Lee and Lee",192,4762
2001,James-Schmitt,63,1250
2002,Porter PLC,257,6286
2003,Reed LLC,8,1250
2004,Dean LLC,156,5019
2005,Alvarez-Copeland,93,4586
2006,Murray Ltd,15,1250
2007,"Smith, Nelson and Wilcox",230,7536
2008,Dixon-Jimenez,87,1250
2009,Mckinney-Tanner,134,4139
2010,"Mann, Castaneda and Cooley",184,5453
2011,Anderson-Potts,63,2180
2012,Walker Group,220,6239
2013,"Roberts, Ball and Stone",247,9072
2014,Howe-Herring,231,6982
2015,Cortez-Becker,80,2550
2016,"Tyler, Keller and Moreno",150,2537
2017,Hart-Miller,139,4063
2018,Rivera-Allen,66,3129
2019,"Carroll, Chandler and Compton",14,1250
2020,Little-Anthony,214,4264
2021,Barnes-Brown,243,6840
2022,Scott PLC,214,8151
2023,Ruiz and Sons,182,5309
2024,Gamble PLC,174,5542
2025,Johnson-Friedman,161,6449
2026,Stevens-Bishop,165,4795
2027,Young LLC,189,6461
2028,House-Carpenter,192,6171
2029,Mckenzie-Williams,257,8335
2030,Kim PLC,184,5899
2031,Jackson LLC,118,2992
2032,Sanders-Mitchell,283,8042
2033,Mclaughlin-Bean,197,5055
2034,"Wright, Barr and Hancock",35,1250
2035,"Johnson, Silva and Ball",53,2834
2036,"Steele, Gutierrez and Rocha",113,3400
2037,Potter Ltd,253,8784
2038,Bridges-Kelley,83,4055
2039,"Torres, Black and Coleman",233,7043
2040,"Jackson, Gonzalez and Graham",228,5526
2041,Cameron-Welch,234,6823
2042,Gomez and Sons,222,5988
2043,"Barrett, Horn and Johnson",43,1250
2044,Weaver LLC,22,1250
2045,"Austin, Flores and Cunningham",43,1250
2046,Mcbride Ltd,114,2776
2047,"Davis, Mccann and Foster",106,2408
2048,Gomez PLC,193,4512
2049,Garcia LLC,18,1250
2050,"Melton, Warren and Rivas",121,5499
2051,Sanchez Inc,130,5178
2052,"Lloyd, Daniel and Wilson",131,4583
2053,"Snyder, Gilmore and Tanner",61,2505
2054,Martinez LLC,49,1337
2055,Robinson LLC,30,1250
2056,"Richards, Melton and Jennings",98,2570
2057,Miller-Romero,11,1250
2058,Rangel-Taylor,243,7444
2059,Garcia-Terrell,233,8223
2060,"Lester, Caldwell and Rodriguez",278,9433
2061,Hahn Group,285,8614
2062,Wright Inc,204,4452
2063,Gonzalez-Foster,248,7502
2064,Moran Inc,291,8819
2065,"Taylor, Obrien and Meyer",265,8628
2066,Harvey-Barnett,215,6430
2067,Carter and Sons,201,6096
2068,Jackson-Solis,80,1767
2069,King-Wilson,174,4908
2070,Moore-Vasquez,70,2613
2071,Bullock-Gonzalez,88,1250
2072,Walker PLC,102,2742
2073,Morgan Ltd,9,1250
2074,Martinez-Rice,201,7670
2075,Lane and Sons,88,2241
2076,Jones PLC,44,2505
2077,"Dean, Booker and Reyes",110,4990
2078,Leon LLC,153,4204
2079,Ewing-Collins,18,1250
2080,Ray-Adkins,134,3837
2081,Thompson-Daniels,149,4388
2082,"Lewis, Simpson and Keith",278,9430
2083,Travis Inc,233,6216
2084,Rodriguez-Johnson,229,8408
2085,Garrett Inc,140,3399
2086,Brock-Ibarra,212,5095
2087,"Woods, Gardner and Day",29,1393
2088,Vincent-Chavez,52,2790
2089,Schwartz-Hunter,262,8038
2090,Gregory-Mitchell,262,8295
2091,"Michael, Ellis and Cisneros",9,2224
2092,Torres-Schultz,139,5414
2093,"Moore, Parks and Knapp",39,1250
2094,Austin-Wilson,112,2928
2095,Martin Group,221,7725
2096,Higgins-Washington,224,7549
2097,Gonzales-Leonard,137,4528
2098,Carr and Sons,257,7382
2099,Smith Ltd,50,1423
2100,Lee Group,293,8642
2101,"Oconnell, Johnson and Brennan",79,2059
2102,Cross Inc,106,2578
2103,Hale-Marks,170,5365
2104,Wagner LLC,218,5893
2105,Johns and Sons,120,3777
2106,Howell-Hernandez,191,3630
2107,Cherry-Jones,256,7080
2108,Farmer-Hunt,267,9108
2109,Pierce-Jenkins,150,3599
2110,Phillips-Smith,165,5542
2111,"Stokes, Sosa and Price",141,3412
2112,"Chambers, Martinez and Baker",259,8545
2113,Howard-Brown,270,7802
2114,"Anderson, Lewis and Collins",182,5123
2115,Juarez Group,161,4884
2116,Ramos LLC,289,7326
2117,Burton and Sons,289,9433
2118,"Barnett, Morgan and Holmes",227,8113
2119,Ortega-Perez,12,1250
2120,"Harper, Hanna and Owens",11,1250
2121,Adams Group,272,8938
2122,"Ortiz, Powell and Holder",274,8128
2123,"Lynch, Wu and Strong",184,4411
2124,Day-Wise,154,6214
2125,"Randall, Morrison and Fields",125,3357
2126,Martin Inc,115,2840
2127,"Zuniga, Ruiz and Ortiz",279,9433
2128,"Miller, Peterson and Murphy",214,7030
2129,Simmons and Sons,173,5447
2130,Bond and Sons,289,7699
2131,Frost LLC,175,6052
2132,"Robbins, Oliver and Smith",114,6316
2133,Juarez Group,123,4570
2134,"Haley, Thompson and Dixon",33,1486
2135,"Wolfe, Cruz and Woods",223,7411
2136,"Perry, Mcdaniel and Kennedy",120,3271
2137,"Bullock, Reed and Nguyen",40,1250
2138,"Hammond, Clark and Carter",269,7719
2139,Williams-Beck,234,6445
2140,Johnson-Schroeder,19,1250
2141,Underwood PLC,150,4142
2142,Henderson LLC,150,4255
2143,"Acevedo, Miller and Garza",127,3537
2144,Snow Ltd,239,7413
2145,Moran Group,136,4158
2146,Williams-Martinez,152,4727
2147,Bowen-King,237,8632
2148,Cox Inc,225,6826
2149,Long Ltd,204,8330
2150,Davis LLC,257,8062
2151,"Cordova, Solis and Evans",87,2162
2152,"Warner, Bowen and Phillips",151,5879
2153,Turner LLC,236,7000
2154,Maxwell LLC,23,1250
2155,Ferrell LLC,286,8575
2156,"Mitchell, Baker and Snow",270,7850
2157,Smith PLC,259,9376
2158,"Boone, Rush and Henderson",30,1250
2159,Washington-Ford,214,6087
2160,Brock LLC,284,9433
2161,"Mcdaniel, Rodriguez and Curry",51,1924
2162,"Porter, Wolfe and Webb",96,2708
2163,Allen-Perry,89,1913
2164,Morris and Sons,45,1701
2165,King-Oneill,279,8340
2166,Underwood Inc,172,4392
2167,Williams-Cooke,190,4984
2168,"Castaneda, Hall and Thomas",185,4735
2169,Chavez Inc,4,1250
2170,Cook Group,192,6694
2171,Mccarty LLC,119,4369
2172,Thompson-Blackwell,20,1535
2173,"Thompson, Key and Thomas",24,1250
2174,"Doyle, Finley and Murray",31,1250
2175,Rios PLC,296,8655
2176,"Mcbride, Mccarthy and Jones",109,4291
2177,Davis Group,282,6639
2178,Snyder Group,129,3355
2179,"Morgan, Ramirez and Goodwin",230,6012
2180,Adkins Group,112,4719
2181,"Robbins, Maddox and Chang",137,3632
2182,Brown and Sons,187,3974
2183,Hardy-Ryan,145,4573
2184,Sullivan-Palmer,73,1819
2185,Krueger PLC,130,3343
2186,Brooks LLC,262,7199
2187,Gilmore Inc,4,1250
2188,Dawson PLC,105,3858
2189,Mckinney-Scott,225,6973
2190,Blanchard-Alexander,11,1250
2191,Mendoza-Leonard,232,5861
2192,Wilson and Sons,220,6431
2193,"Campbell, Turner and Santos",67,2270
2194,"Joyce, Stephens and Montgomery",113,3688
2195,Roberts PLC,14,1250
2196,"Miranda, Navarro and Hogan",87,1687
2197,Carter LLC,235,4646
2198,Rodriguez LLC,91,4529
2199,"Evans, Evans and Ruiz",55,1250
2200,"Owens, Small and Henson",13,1250
2201,Bright PLC,210,6430
2202,Mitchell Ltd,15,1250
2203,Edwards-Ramirez,122,2855
2204,"Ryan, Griffin and Manning",21,1250
2205,Rogers Inc,76,4052
2206,Parker Group,244,7707
2207,Wilson and Sons,224,6280
2208,"Rodriguez, Underwood and Pollard",71,2078
2209,"Castillo, Hardy and Watson",212,4551
2210,"Figueroa, Prince and Taylor",102,2609
2211,"Ryan, Gonzales and Miller",187,5160
2212,Fields PLC,133,4143
2213,"Roberts, Gomez and Davis",112,5302
2214,Grant PLC,133,2053
2215,"Dalton, Parks and Weaver",21,1250
2216,"Benjamin, Cannon and Phillips",25,1250
2217,"Holland, Mejia and Sweeney",228,6336
2218,Sanchez Inc,155,3785
2219,Edwards-Bennett,294,7325
2220,Johnson PLC,231,7843
2221,Snyder PLC,203,6345
2222,Hansen-Mcdaniel,39,1965
2223,Lin-Wright,261,7298
2224,Woodard and Sons,189,5599
2225,Potter-Lewis,58,3334
2226,Ford-Taylor,21,1250
2227,Brown-Palmer,274,9027
2228,Murray Group,120,2982
2229,Edwards PLC,72,2876
2230,Cooper Group,5,1250
2231,Johnson Inc,222,4763
2232,Atkinson-Arroyo,15,1250
2233,"Stark, Aguilar and Rodriguez",4,1250
2234,Perez Group,217,4885
2235,"Harvey, Smith and Smith",230,7091
2236,Long and Sons,187,4716
2237,"Wilkinson, Mcdonald and Ballard",56,4772
2238,Merritt-Mcdaniel,255,6185
2239,"Stewart, Medina and Wright",25,1250
2240,"Brown, Thompson and Sims",163,5759
2241,Bauer and Sons,159,4636
2242,"Hall, Gordon and Olson",83,3339
2243,Mcdonald and Sons,160,5180
2244,"Wilcox, Jones and Carney",189,5087
2245,Gonzalez-Brandt,61,1250
2246,"Meyers, Jenkins and Gibbs",212,7431
2247,"Vasquez, Thomas and Allen",153,3301
2248,Coleman LLC,110,3858
2249,Walton PLC,77,3228
2250,Hancock LLC,31,1250
2251,Archer-Ochoa,118,3235
2252,Stewart and Sons,193,4806
2253,Nguyen PLC,20,1250
2254,Barton PLC,174,2174
2255,Pitts LLC,229,7585
2256,"Scott, Baker and Powell",184,5639
2257,Hill and Sons,114,3197
2258,"Hicks, Kelly and Baker",184,5762
2259,Lowery and Sons,147,3036
2260,"Glass, Cruz and Mcdonald",117,1250
2261,"Torres, Blevins and Jones",114,3888
2262,Alvarado PLC,252,8876
2263,Mitchell-Myers,252,5820
2264,Hall-Sloan,119,2517
2265,Jones-Arias,162,5612
2266,Koch LLC,199,6328
2267,Johnson and Sons,261,9433
2268,"Roberts, Hancock and Banks",149,5545
2269,"Middleton, Mata and Pruitt",241,8065
2270,Vargas Group,48,1250
2271,Fox-Gonzalez,199,6494
2272,"Welch, Pittman and Guerrero",48,2935
2273,Clark LLC,79,2205
2274,Sanders PLC,125,3632
2275,"Howard, Lopez and Reed",76,2421
2276,Grant Group,138,3475
2277,"Best, Powell and Martin",91,2998
2278,"Kelly, Russell and Torres",62,2103
2279,Johnson-Clark,139,5649
2280,"Munoz, Simmons and Jackson",51,1340
2281,"Murphy, Jones and Aguilar",260,8474
2282,"Wade, Wagner and Richard",108,3080
2283,Young LLC,114,4059
2284,Evans LLC,255,7399
2285,Casey and Sons,119,4143
2286,"Clark, Hall and Campbell",199,6698
2287,Burnett Ltd,52,1250
2288,Rodriguez-Carey,246,8482
2289,"Murphy, Howell and Jackson",36,1250
2290,"Pineda, Fernandez and Hudson",70,1630
2291,Aguirre Ltd,50,1250
2292,Brooks Group,75,2548
2293,Bowers Group,193,5785
2294,Robinson-Robinson,262,8230
2295,"Price, Howell and Morris",71,2520
2296,West-Lane,91,3338
2297,"Hardy, Schwartz and Knight",261,9433
2298,"Miller, Morris and Spencer",127,3849
2299,Chavez Inc,232,6225
2300,Shepherd-Hall,296,6860
2301,Pham-Sellers,130,2704
2302,Nguyen-White,281,9433
2303,Stephens-Wilson,101,3749
2304,Collins-Garcia,298,7590
2305,"Pollard, Walters and Adkins",183,7954
2306,Krause PLC,175,5576
2307,Jackson-Wong,189,6130
2308,"Martin, Wright and Morales",58,3984
2309,White-Cardenas,32,2699
2310,Morris and Sons,85,3331
2311,"Hall, Hunter and Miller",153,5419
2312,Hampton-Mendoza,37,2032
2313,Kelly LLC,214,6179
2314,Leach Ltd,107,3496
2315,"Clark, Williams and Manning",221,7204
2316,Bowers-Jones,164,4793
2317,Ramirez-Franklin,221,5664
2318,"Hughes, Hill and Spencer",271,7863
2319,"Irwin, Garcia and Hill",121,2642
2320,Green and Sons,183,5554
2321,Liu-Romero,107,1429
2322,"Sosa, Clarke and Ayala",218,6881
2323,Lane-Lopez,206,4548
2324,"Harris, Case and Martinez",71,1726
2325,Crane-Williams,45,1854
2326,"Mcdaniel, Sanchez and Carter",229,7661
2327,White-Hawkins,185,6222
2328,"Murray, Mason and Bates",108,3559
2329,Anderson-Woodward,85,1430
2330,Stephens and Sons,251,8510
2331,"Velazquez, Watkins and Leach",22,1250
2332,"Jacobs, Chandler and Murray",197,7004
2333,"Hernandez, Hall and Santana",179,5997
2334,"Kent, Gutierrez and Martinez",8,1598
2335,Smith Ltd,71,2154
2336,"Brown, Mitchell and Smith",128,3021
2337,Freeman-Bray,161,3537
2338,May LLC,249,6288
2339,Garcia-Atkins,204,4483
2340,Davidson-Wade,149,5412
2341,Ray-Moore,144,5387
2342,Bentley Inc,200,6553
2343,Ayers Group,155,4616
2344,"Warner, Carlson and Spence",143,6350
2345,Boyle Group,166,4881
2346,Contreras Inc,22,1250
2347,Powell-Greene,83,2442
2348,Hanson-Welch,70,1761
2349,Humphrey Inc,132,4590
2350,Tran-Oconnor,88,2006
2351,Scott Inc,219,5869
2352,Stewart and Sons,162,5541
2353,Hodge Inc,179,4872
2354,Reilly and Sons,118,3673
2355,Waters LLC,197,5568
2356,"Buchanan, Walton and Holmes",87,2598
2357,"Garcia, Mcconnell and Bowers",290,8026
2358,Tate-Wallace,82,1819
2359,"Payne, Robinson and Brown",153,3770
2360,Martin Inc,62,2703
2361,English-Brewer,62,2031
2362,Young LLC,29,1788
2363,"Burgess, Hines and Keller",44,2345
2364,Moore-Hernandez,170,4640
2365,Perry-Briggs,87,3491
2366,Allen-Wilson,178,5325
2367,"Scott, Thomas and Clark",18,1250
2368,Garrett-Bowen,99,4222
2369,Hicks-Harris,199,6523
2370,"Hayes, Macias and Romero",99,2617
2371,Bennett LLC,66,2468
2372,Brooks Inc,6,1250
2373,"Bennett, Simmons and Zuniga",3,1250
2374,Casey-Smith,23,1250
2375,"Torres, Herring and Landry",113,2405
2376,Stark and Sons,58,2324
2377,Hoover Ltd,67,1250
2378,Villegas Ltd,99,4772
2379,Harris Group,145,5184
2380,"Marsh, West and Shaffer",126,1941
2381,Ellison Group,168,7438
2382,Conrad-Miller,87,5284
2383,"Johnson, King and Dudley",77,2129
2384,Clark-Foster,295,7923
2385,"Cruz, Henry and Jones",60,3486
2386,Jones and Sons,139,3826
2387,"Daniels, Hopkins and Hatfield",100,3161
2388,Thomas-Stone,193,7007
2389,"Richardson, Bailey and Buck",244,7166
2390,"Wilkins, Carter and Young",50,1258
2391,Martin LLC,33,1250
2392,"Sims, Martin and Bennett",278,7709
2393,Murphy LLC,21,1250
2394,Gross PLC,155,3411
2395,"Rodriguez, Simpson and Reed",69,1250
2396,White-Hernandez,215,6483
2397,Thomas-Diaz,144,2470
2398,Aguilar Inc,233,6110
2399,Bush-Walker,214,8364
2400,Navarro-Smith,80,2054
2401,Silva-Booker,215,5979
2402,Hernandez LLC,117,3160
2403,Edwards Inc,93,2455
2404,"Martin, Hooper and White",271,8704
2405,Foster and Sons,169,5574
2406,King-Fisher,59,1379
2407,"Casey, Long and Mccoy",285,8336
2408,"Mckinney, Vega and Clark",27,2122
2409,Thomas and Sons,67,1250
2410,Becker-Parker,249,7412
2411,Wood-Rice,255,7785
2412,Wood Group,45,1250
2413,Cox-Decker,98,2824
2414,Pena-Robinson,43,1250
2415,"Mitchell, Love and Nelson",228,7477
2416,Thompson-Thomas,263,6551
2417,Parker and Sons,168,6102
2418,"Schmidt, Scott and Hudson",280,8326
2419,Wagner Group,90,2251
2420,Jones-Greer,179,4365
2421,Nelson Ltd,198,6970
2422,Phillips-Benson,268,7388
2423,Marsh PLC,269,6902
2424,Campbell-Gutierrez,75,3301
2425,"Jones, Moreno and Miller",9,1250
2426,Moses-Lewis,298,8845
2427,Caldwell Ltd,165,5768
2428,"Ramirez, Wade and Bauer",86,2737
2429,"Roberts, Jones and Cox",73,3920
2430,Pollard and Sons,56,1250
2431,"Carney, King and Brown",48,1250
2432,"Baker, Michael and Contreras",239,7036
2433,Burton-Walker,105,3771
2434,Hayden-Perez,211,7618
2435,"Ramirez, Trevino and Sloan",43,1363
2436,Richardson-Schroeder,269,7932
2437,Espinoza-Edwards,264,6437
2438,"Stevens, Lucero and Quinn",260,7912
2439,"Stafford, Ortiz and Bell",284,7869
2440,Davis LLC,115,4068
2441,Ortega-Morales,41,1250
2442,Harper-Oneill,221,6389
2443,Brewer-Rivas,130,2439
2444,Robinson-Wright,9,1250
2445,Odonnell-Lowery,102,4920
2446,"Williams, Lyons and Mayer",177,5439
2447,Martin Ltd,108,3644
2448,Baird Inc,102,2147
2449,Brandt-Mendoza,261,8705
2450,Gibson-Walsh,247,8105
2451,"Delgado, Barnes and Henderson",276,7477
2452,Carlson PLC,33,1250
2453,Pruitt LLC,138,3407
2454,Duran-Chen,13,1250
2455,"King, Barker and Petersen",17,1250
2456,"Evans, Jones and Scott",130,3938
2457,"Campbell, Spencer and Clark",64,3218
2458,Wade LLC,110,2585
2459,"Molina, Henderson and Anderson",22,1250
2460,Wright Inc,159,4770
2461,"Cox, Oneal and Mejia",270,6406
2462,"Morris, Nunez and Duncan",163,5585
2463,"Spencer, Phillips and Rasmussen",261,7927
2464,Mendoza-Horne,103,2751
2465,Burnett-Blevins,224,6326
2466,Baker and Sons,60,2709
2467,"Perry, Stewart and Gordon",248,8318
2468,Thompson-Williams,129,3623
2469,"Leon, Santos and Thompson",284,9111
2470,Barton-Schneider,26,1643
2471,Price Ltd,132,4295
2472,Cole-Norman,197,5704
2473,Green-Sellers,282,8841
2474,Smith-Day,155,3610
2475,Smith Group,134,4091
2476,Martinez-Scott,228,6606
2477,Lyons PLC,190,5310
2478,Norton-Winters,266,6253
2479,Miller-Holt,135,3022
2480,Morales LLC,212,5874
2481,Morgan-Lam,61,2725
2482,Garcia and Sons,214,6705
2483,Miller and Sons,217,7449
2484,"Walters, Russell and Gallagher",227,8052
2485,Lopez Inc,132,4289
2486,"Wright, Mcdonald and Floyd",77,2450
2487,Salinas-Stevens,287,7637
2488,"Gibson, Taylor and Lawson",278,9433
2489,Delacruz Ltd,157,3292
2490,Owens LLC,249,7588
2491,Freeman LLC,219,7402
2492,Krueger and Sons,191,6576
2493,Hopkins LLC,164,3764
2494,Hernandez-Wall,181,5010
2495,Wilson Group,35,1250
2496,Taylor-Wallace,42,1250
2497,"Scott, Becker and Patrick",76,2410
2498,"Ryan, Wilson and Cruz",280,7682
2499,Bell PLC,177,6815
2500,"Vasquez, Soto and Johnson",151,5145
2501,Burnett-Martin,274,8261
2502,Roth-Davis,109,2797
2503,"Barker, Schmidt and Crawford",140,4315
2504,Cruz-Banks,272,7904
2505,Patel Ltd,290,8769
2506,Spears-Hodge,213,8291
2507,Taylor PLC,273,7125
2508,"Livingston, Smith and Sandoval",67,1841
2509,Thornton-James,249,8176
2510,"Carroll, Lin and Hancock",157,4309
2511,"Duran, Good and Smith",48,3020
2512,"Underwood, Brown and Rodriguez",202,6738
2513,Williams PLC,149,3751
2514,"Williams, Whitaker and Chung",125,3954
2515,Henry-Johnson,2,1250
2516,"Gonzalez, Hancock and Martinez",248,6643
2517,Gates-Mullen,129,3729
2518,"Johnson, Shea and Simmons",192,7023
2519,"Duncan, Gonzalez and Gilbert",68,2785
2520,Maxwell LLC,5,1250
2521,Franklin-Clark,295,9433
2522,Sanchez-Brown,144,4588
2523,Villegas-Rivera,192,4590
2524,Mcguire Group,22,1250
2525,Dunn PLC,228,6766
2526,Smith Group,118,4301
2527,"Mckee, Ware and Petty",143,3723
2528,Murphy-Boyd,40,1250
2529,Robinson-Allen,253,7544
2530,"Edwards, Chapman and Harris",208,5594
2531,Weiss Ltd,211,6006
2532,"Pitts, Garcia and Ibarra",116,3399
2533,Holt-Evans,226,6396
2534,Harris PLC,135,5013
2535,Ball-Coleman,252,8974
2536,"Velazquez, Henry and Hoover",220,7462
2537,Cook Group,92,1250
2538,Coleman Group,47,1250
2539,Frank-Allen,39,1250
2540,"Garner, Watts and Mason",143,2443
2541,Keller-Burke,101,2154
2542,Franco-Roberts,191,5538
2543,"Larsen, Smith and Garcia",36,1250
2544,Walters PLC,148,4448
2545,Aguirre-Watson,31,1250
2546,"Park, Stewart and Patterson",85,2089
2547,"Jones, Cameron and Shaw",282,8611
2548,Howard-Garrison,271,8140
2549,"Rice, Baker and Gutierrez",155,5096
2550,"Leach, Doyle and Richards",103,3478
2551,"Robinson, Santos and Lee",216,6072
2552,"Hurst, Cooper and Williams",151,4650
2553,Rhodes-Anderson,84,1720
2554,"Smith, Davis and Cook",111,3059
2555,"Perry, Roberts and Melton",276,7224
2556,Torres Ltd,202,7125
2557,Adams-Fuentes,285,8276
2558,"Hernandez, Levine and Davis",174,6283
2559,Burton-Carter,207,6521
2560,Allison PLC,64,1250
2561,James-Miller,74,2471
2562,Ellis Group,252,8369
2563,"Clark, Hanna and Tyler",125,3672
2564,"Johnson, Diaz and Williamson",122,3734
2565,Rodgers and Sons,276,7728
2566,"Sanders, Mitchell and Bush",121,3654
2567,West-Roberson,165,5187
2568,Delacruz Group,287,8031
2569,"Martinez, Walls and Moore",266,6900
2570,Jackson LLC,162,6147
2571,Pollard-Davis,90,3304
2572,"Whitehead, Lane and Gomez",143,3742
2573,Bass-Garcia,204,6339
2574,Washington-Martin,228,5361
2575,Castro Inc,223,4712
2576,"Edwards, Bass and Miller",42,2344
2577,Miller-Gomez,197,6139
2578,Ramirez-Gonzales,69,2022
2579,Pham-Reed,265,8182
2580,"Davis, Mcdonald and Evans",3,3316
2581,Cook-Morris,126,4649
2582,Williams Ltd,111,2284
2583,Williams-Gomez,87,1250
2584,Huff-Baldwin,121,4684
2585,Barry Group,128,4696
2586,Moore-Lucero,256,8255
2587,Esparza-Simmons,184,4707
2588,Smith Inc,17,1250
2589,Taylor Group,63,1250
2590,"Reed, Snyder and Mathis",159,5432
2591,"Brennan, Terry and Hays",269,9052
2592,Adams-Simpson,36,1250
2593,Evans-Mccoy,268,9171
2594,"Hill, Neal and Koch",65,2064
2595,"Stewart, Shields and Butler",51,2021
2596,White LLC,256,6370
2597,Sexton and Sons,150,4732
2598,"Clark, Jackson and Sanchez",277,7634
2599,"Brown, Guzman and Schwartz",173,5664
2600,"Stanley, Carroll and Gray",202,7527
2601,"Reyes, Terry and Ward",36,1369
2602,Carter Group,217,5609
2603,Kemp LLC,66,2606
2604,Gonzalez-Hernandez,9,1250
2605,Day and Sons,77,4368
2606,Blair-Figueroa,175,5503
2607,Mendez Inc,48,1250
2608,Smith-Campbell,16,1250
2609,Stone-Dean,148,4312
2610,Larson Ltd,27,1250
2611,"Davis, Martinez and Thompson",94,1891
2612,Brown PLC,233,6867
2613,"Martinez, Allen and Blair",22,1250
2614,Nguyen Group,39,1250
2615,Becker and Sons,277,7719
2616,Murray-Jones,158,5028
2617,Guerrero-Johnson,180,4476
2618,Davis-Velasquez,133,2831
2619,"Brown, Ramos and Harrington",29,1579
2620,"Richards, Kelly and Quinn",261,8447
2621,Klein Group,77,1250
2622,Pollard and Sons,68,1250
2623,"Wong, Jones and Horn",195,4841
2624,"Baker, Morris and Roberts",163,4761
2625,"Stephens, Nelson and Price",258,8894
2626,Guerra and Sons,73,2037
2627,"Douglas, Cabrera and Smith",88,1870
2628,"Ward, Gonzalez and Griffith",263,8038
2629,Martin LLC,215,6335
2630,Gardner-Rocha,154,3238
2631,Lee PLC,211,4954
2632,Holder Inc,62,1250
2633,Pierce LLC,269,9433
2634,Rosario-Suarez,263,8749
2635,Kim Group,219,5976
2636,Smith-Myers,284,9433
2637,"Brooks, Hudson and Bennett",137,3541
2638,Sullivan-Perez,94,3895
2639,Page PLC,110,3380
2640,Nolan-Richardson,242,6601
2641,"Mitchell, Arnold and Joseph",143,4969
2642,"Carrillo, Obrien and Estrada",292,8897
2643,Maxwell-Baker,238,7538
2644,Christian Group,178,5555
2645,Collier-Chavez,142,4465
2646,Smith PLC,190,6500
2647,Salazar Ltd,50,4083
2648,"Harris, Walker and Brown",191,6978
2649,Gomez PLC,137,4329
2650,Lozano Ltd,44,1250
2651,Gutierrez LLC,91,2529
2652,"Wang, Montgomery and Allen",296,7623
2653,Malone Group,246,8044
2654,Farrell PLC,193,4775
2655,"Rodriguez, Douglas and English",107,2837
2656,"Hughes, Newman and Chandler",234,7690
2657,Love Group,266,7742
2658,"Smith, Adams and Thomas",38,1250
2659,"Harris, Henderson and Garcia",42,1250
2660,Montes-Thompson,18,1745
2661,"Allen, Prince and Ryan",278,7506
2662,Hamilton PLC,60,1250
2663,"Irwin, Rosario and Higgins",184,3728
2664,Haley Inc,42,1250
2665,Wood-Parker,40,1250
2666,Moses Group,193,5971
2667,Russell and Sons,268,6865
2668,"Fisher, Miller and Alexander",148,5174
2669,"Lewis, Smith and Hill",128,2000
2670,"Hunter, Wilson and Hernandez",47,1317
2671,Griffith and Sons,46,1495
2672,Anderson PLC,2,1250
2673,Taylor Group,169,5227
2674,Cook Group,109,4058
2675,"Kidd, Prince and Walker",20,1924
2676,"Garza, Long and Nelson",73,2034
2677,Nelson-Lowery,110,2332
2678,Reed-White,269,8630
2679,Le-Brooks,241,6949
2680,Monroe-Bell,91,3994
2681,Jacobs-Malone,104,2518
2682,Hill Inc,251,6671
2683,"Watson, Ramos and Newton",9,1250
2684,"Williams, Young and Rosales",154,2879
2685,Ruiz-Conway,175,4782
2686,"Nelson, Richard and Hicks",159,4440
2687,Hall-Miller,216,6700
2688,"Turner, Phillips and Lucas",178,4343
2689,Todd and Sons,176,4400
2690,"Barber, Snyder and Collins",147,5566
2691,Martin-Page,162,4846
2692,"Luna, Ayala and Thomas",128,4704
2693,"Wood, Bowen and Stewart",83,1948
2694,Andrews-Cox,148,4385
2695,Dixon PLC,240,7414
2696,White-Lutz,85,4297
2697,Medina LLC,114,3202
2698,"Rodriguez, Alexander and Conrad",226,6613
2699,Bryant-Cisneros,244,8418
2700,Santos Group,144,3940
2701,Nash-Bender,42,1544
2702,"Jensen, Foster and Lewis",259,8780
2703,"Santana, Hogan and Barber",286,8004
2704,"Burton, Williams and Schmidt",106,3520
2705,Jones Ltd,203,7835
2706,Gonzalez Ltd,267,8931
2707,Cook LLC,211,6614
2708,"Barnes, Marshall and Warner",52,1335
2709,Campbell-Mccarthy,119,2965
2710,Romero Inc,202,5071
2711,"Wilson, King and Green",40,2709
2712,"Jensen, Townsend and Crawford",29,2185
2713,Cruz-Smith,260,7142
2714,Nunez Inc,85,2887
2715,Carroll-Gonzalez,156,4791
2716,Pittman Ltd,118,4724
2717,Martin-Kelley,3,1250
2718,Carpenter-Butler,94,2797
2719,Sharp-Valentine,167,4468
2720,"Mcdonald, Hernandez and Allen",297,9250
2721,"Sandoval, Andrews and Andrews",259,7421
2722,Mosley-Smith,82,2680
2723,Le and Sons,269,7994
2724,"Clark, Miller and Conway",236,6707
2725,Lloyd Ltd,214,5447
2726,"Yates, Willis and Hill",63,2404
2727,"Coleman, Bradford and Clark",50,1542
2728,Dawson-Navarro,128,5627
2729,Avila-Waters,224,5687
2730,Bowers Inc,280,9025
2731,Ellison-Thompson,295,8767
2732,Mcintyre-Rodriguez,285,9433
2733,Ford-Malone,278,8888
2734,Henry Group,108,3564
2735,"Martin, Parker and Arroyo",147,4329
2736,Walker-Horton,100,2296
2737,Ramsey Group,74,2531
2738,Oconnor Ltd,123,2307
2739,Garcia-Davis,31,1250
2740,"Rios, Howell and Pena",189,6682
2741,Hines-Gonzalez,289,6907
2742,"Sanders, Little and Montgomery",196,5560
2743,"Romero, Hodges and Freeman",157,3660
2744,Bush-Williams,173,4787
2745,Miller Inc,42,1444
2746,Brooks Group,64,2904
2747,Guerrero Ltd,24,1937
2748,Wilson Group,76,1361
2749,Lopez-Tran,49,1250
2750,"Evans, Garcia and Fox",161,8882
2751,"Conway, Mcneil and Hess",119,3319
2752,"Dudley, Long and Clark",101,2147
2753,Torres LLC,168,4324
2754,Watkins Group,291,8485
2755,Walker-Sullivan,157,4317
2756,Mccoy and Sons,8,1250
2757,Hernandez PLC,197,5888
2758,Parker Group,57,1681
2759,"Smith, Woods and Santiago",194,4864
2760,"Romero, Thomas and Green",48,1809
2761,Thompson-Cook,149,4591
2762,Watts Ltd,276,8776
2763,Myers Group,158,3025
2764,"Matthews, Mcdowell and Freeman",203,6246
2765,Miller and Sons,127,1824
2766,Hernandez Inc,295,8674
2767,"Weaver, Short and Walton",65,2607
2768,"Hughes, Ware and Terry",177,6355
2769,"Dunn, Sosa and Barker",117,3844
2770,Rodriguez-Phillips,205,6825
2771,"Reyes, Young and Salazar",32,1250
2772,Mcmillan PLC,114,2910
2773,James-Graham,68,4732
2774,"Ryan, Elliott and Black",76,3107
2775,Martin-Thomas,46,1250
2776,Hall-Brown,261,6095
2777,Glover-Ballard,155,4184
2778,Conley Group,156,5871
2779,"Thompson, Jones and Alvarez",235,7098
2780,"Thomas, Garcia and Anderson",52,1250
2781,"Thornton, Wallace and Ward",263,7712
2782,James and Sons,126,3777
2783,"Campbell, Barnett and Ramsey",246,4964
2784,"Jacobson, Kim and Thornton",31,1250
2785,Arnold Ltd,123,2676
2786,Woods-Garner,126,1944
2787,"Nelson, Jones and Williams",38,2744
2788,"Mason, Peterson and Jones",171,4072
2789,Nichols Group,125,3082
2790,Wilkerson and Sons,36,1250
2791,Hooper Ltd,88,2642
2792,Carter and Sons,135,5816
2793,Simmons-Stuart,197,4713
2794,Yu-Green,275,7943
2795,"Coffey, Todd and Jones",202,6180
2796,"Davidson, Black and Edwards",286,7711
2797,Parker-Ayers,78,2017
2798,Moreno PLC,60,2394
2799,"Wilson, Coleman and Robinson",127,3054
2800,Cobb PLC,110,2961
2801,Ruiz-Taylor,225,6318
2802,"Whitehead, Chavez and Ramsey",279,8266
2803,"Barry, Gregory and Salazar",69,2313
2804,Espinoza-Nelson,70,2686
2805,Murphy Group,166,6917
2806,Spence-Gibson,163,2231
2807,Williams PLC,43,1250
2808,Cox PLC,110,1935
2809,Herman Inc,52,1250
2810,Jackson-Arnold,251,8410
2811,Phillips PLC,22,1857
2812,"Johnson, Palmer and Haas",140,5444
2813,Craig-Velez,93,4025
2814,Alexander-Medina,281,8256
2815,Ward Group,126,5178
2816,"Leonard, Jones and Robinson",112,4956
2817,Price Inc,140,4338
2818,Martin-Phillips,274,9397
2819,Gibson LLC,100,3041
2820,"Hendrix, Hernandez and Kelly",253,9000
2821,Allen-Carr,105,2988
2822,Tanner Group,215,5840
2823,Stafford-Sherman,250,6380
2824,Booth and Sons,153,4416
2825,"Long, Rodriguez and Garcia",251,7614
2826,"Hendrix, Woods and Lynch",276,7334
2827,Galvan Ltd,166,4729
2828,"Perkins, Knight and Hill",9,1250
2829,Obrien-Smith,285,7473
2830,Ross Inc,6,1250
2831,"Hill, Joseph and Wyatt",146,5591
2832,Harris Inc,102,4091
2833,"Morales, Avila and Baker",165,4865
2834,Gonzalez-Beasley,148,4417
2835,Clark PLC,65,1250
2836,Lee-Sanchez,92,3174
2837,"Coleman, Schmidt and Williams",118,3709
2838,"Johnson, Cooper and Jones",268,9433
2839,Lutz Inc,174,6307
2840,Pruitt Ltd,48,1755
2841,"Taylor, Perez and Obrien",141,4188
2842,Snyder Inc,247,8411
2843,Floyd-Vargas,150,3584
2844,"Black, Martin and Murphy",247,8549
2845,Williams and Sons,6,1250
2846,Clark-Little,185,4988
2847,Briggs-Ramirez,21,1250
2848,"Hoffman, Mahoney and Henson",47,2024
2849,Underwood-Carlson,13,1250
2850,Case and Sons,71,1568
2851,"Ross, Reed and Torres",18,1250
2852,Sanchez PLC,148,5818
2853,"Rodriguez, Palmer and Harris",155,4516
2854,Bailey Ltd,109,2502
2855,Davis-Perez,237,9031
2856,Martinez-Pham,71,1472
2857,Sparks-Young,184,6658
2858,Davis-Davidson,251,6379
2859,Perez-Howard,229,6515
2860,Abbott and Sons,103,3592
2861,Moore Ltd,76,2222
2862,"Horn, Lopez and Barton",217,6753
2863,Garcia-Summers,204,5581
2864,"Rogers, Buchanan and Smith",193,4192
2865,"West, Hill and Williams",250,8965
2866,Frank-Leon,243,6812
2867,Beltran Group,180,5689
2868,"Sparks, Huerta and Juarez",220,7301
2869,Williamson LLC,83,2798
2870,Rich PLC,93,2081
2871,Calderon Ltd,176,6439
2872,Freeman and Sons,240,7713
2873,Daniel-Burgess,261,8028
2874,White-Smith,164,5095
2875,Smith Inc,49,3152
2876,Ruiz PLC,117,2779
2877,Page-Jensen,226,7195
2878,Mcbride Ltd,148,3911
2879,"Trujillo, Nguyen and Fitzgerald",64,1250
2880,Garcia LLC,295,6887
2881,Mcintosh Ltd,14,1250
2882,Page-Green,190,5041
2883,Mcbride-Thomas,288,9433
2884,Carter-Hardy,209,6968
2885,"West, Frey and Burton",115,4238
2886,"Hansen, Wiggins and Fields",23,1250
2887,Holt-Hall,215,6511
2888,Hernandez LLC,172,7466
2889,Allen-Crawford,55,1250
2890,Ingram-Vincent,127,4266
2891,"Diaz, Curry and Wagner",278,9433
2892,Mcmillan Inc,205,7115
2893,Henderson Group,195,7651
2894,"Mason, Harris and Harrison",170,5312
2895,"Coleman, Hayes and Barker",153,5193
2896,Sanchez-Gonzalez,36,1250
2897,Thompson PLC,185,6083
2898,Williams-Wang,287,7694
2899,Jackson-Gibson,58,2532
2900,Lambert-Riggs,223,6984
2901,Chandler LLC,164,4982
2902,"Raymond, Alexander and Bryant",20,2346
2903,Norman PLC,265,7684
2904,"Thompson, Olsen and Howe",283,9433
2905,Scott-Hicks,114,4727
2906,Chen PLC,31,1785
2907,Martinez-Kelly,136,3114
2908,Salas-Kemp,68,2399
2909,Pittman-Fry,66,3938
2910,Wilson-Osborn,293,6971
2911,"Martin, Smith and Castro",26,1250
2912,Mitchell-Ortega,38,2302
2913,Jones-Dorsey,2,1250
2914,Harding-Ferguson,38,1949
2915,Nguyen-Wilson,142,5669
2916,"Cruz, Banks and Fuller",233,7222
2917,Jensen Inc,137,4618
2918,Mendoza-Johnson,189,5761
2919,Schmidt-Jenkins,129,4167
2920,"Cortez, Johnson and Mitchell",202,8162
2921,"Warren, Mejia and Barr",128,3776
2922,Maldonado LLC,258,7386
2923,"Hill, Hill and Hart",165,5991
2924,Morgan-Brandt,36,1250
2925,"Ellison, Hernandez and Jones",195,5235
2926,Campbell LLC,192,5151
2927,Swanson-Chapman,105,2894
2928,Newton-Murillo,24,1250
2929,Perry Inc,266,8679
2930,"May, Lee and Gonzalez",291,8387
2931,Wells-Flores,261,8569
2932,Buckley-Smith,76,3144
2933,Moore Inc,73,1536
2934,"Farmer, Patterson and Edwards",260,8642
2935,Turner Ltd,189,6603
2936,Martin-Dyer,174,3459
2937,"Morgan, Potter and Shields",291,9023
2938,"Hanna, Peterson and Perez",46,1250
2939,"Davidson, Vaughn and Reynolds",62,3163
2940,Simmons-Fitzgerald,84,2003
2941,Estrada-Fuller,124,2380
2942,"Howard, Roman and Green",17,1250
2943,"Atkinson, Edwards and Riley",67,1250
2944,Martinez-Baker,146,5229
2945,"Lopez, Hunt and Jefferson",163,4081
2946,"Meyers, Hall and Jenkins",235,7032
2947,"Banks, Bridges and Ellis",145,5895
2948,Young-Howard,189,6768
2949,"Morales, Martinez and Cole",14,1250
2950,Gay-Williams,185,5422
2951,Morales-Little,112,3742
2952,"Farley, Rodriguez and Wood",291,9418
2953,"French, Wilson and White",296,7893
2954,Moore and Sons,216,7331
2955,"Kelley, Thomas and Lopez",121,2528
2956,"Williams, Rosario and Wilson",56,2252
2957,Watson-Robertson,28,1250
2958,"Mccormick, Reynolds and Smith",119,5532
2959,"Sullivan, Curry and Branch",222,7423
2960,Martin Group,232,5403
2961,Campos-Harrison,54,1619
2962,Wolf-Beck,296,8358
2963,Jones and Sons,234,6380
2964,"Grant, Brown and Pennington",159,4917
2965,"Shaw, Smith and Wilkinson",270,7172
2966,Smith Inc,22,1421
2967,Zuniga-Sanders,54,2324
2968,Hicks LLC,276,8631
2969,"Cervantes, Daniel and Brown",282,8440
2970,"Allen, Tyler and Gonzales",215,7109
2971,Fischer-Martinez,32,1751
2972,"Williams, Lynn and Wiggins",184,5974
2973,"Michael, Lozano and Medina",24,1250
2974,Martin Group,33,1250
2975,"Nunez, Mack and Dean",75,1981
2976,Baldwin LLC,11,1250
2977,"Evans, Harris and Walters",55,1874
2978,Mills-Sullivan,53,3001
2979,"Cooper, Myers and Monroe",149,5721
2980,Watkins PLC,161,5569
2981,Vazquez Group,15,1250
2982,Hicks-Smith,179,7585
2983,Morgan and Sons,54,2463
2984,Farmer-King,23,1615
2985,"Hawkins, Taylor and Hodges",31,1250
2986,Austin Ltd,192,7092
2987,"Kim, Huff and Steele",261,8228
2988,Valdez-Logan,206,6100
2989,Walters PLC,60,1472
2990,Caldwell Group,265,7401
2991,"Myers, Bentley and Grimes",13,1646
2992,"Davis, Carson and Mills",120,3571
2993,"Thomas, Ayers and Brown",291,8218
2994,Torres Group,249,6698
2995,Kelley Inc,128,4010
2996,Johnson-Miller,76,1920
2997,Perry Ltd,205,5562
2998,Thomas-Wagner,50,1250
2999,"Hernandez, Pennington and Mckinney",80,3359
3000,Harvey-Henson,242,7121
3001,"Rodriguez, Lowe and Murray",155,3564
3002,"Hubbard, Hayes and Allen",275,7978
3003,Perkins PLC,97,3459
3004,Brooks-Frederick,215,6478
3005,Williams-Garner,295,9040
3006,"Roberts, Brown and Washington",210,6342
3007,Young-Palmer,89,1393
3008,Gibson PLC,265,8898
3009,"Williams, Barnett and Kent",158,3031
3010,White-Lewis,157,5171
3011,Collier-Williams,140,4815
3012,"Gonzalez, Miller and Pollard",122,3440
3013,Wright Inc,66,2333
3014,Tanner-Pearson,108,2962
3015,Wilson-Sellers,148,4805
3016,"Smith, Franklin and Moore",138,5132
3017,Wu LLC,163,4097
3018,"Jones, Adams and Lopez",101,3703
3019,"Eaton, Snyder and Riley",142,5952
3020,"Orozco, Solis and Lawson",84,2784
3021,Anderson Group,178,4836
3022,"Bell, Jones and Moran",199,8233
3023,Ramirez LLC,113,3478
3024,Solis-Johnson,57,1941
3025,Martin LLC,180,5652
3026,"Rodriguez, Webb and Sanchez",187,6057
3027,Clark-Hammond,219,6231
3028,Chan-Stewart,218,6729
3029,Allen Group,121,4582
3030,"Rodriguez, Zimmerman and Baker",176,4906
3031,"Gray, Newman and Kelly",24,1250
3032,Proctor Inc,214,6127
3033,Fernandez LLC,236,5982
3034,"Johnson, Curtis and Adams",14,1250
3035,Ramirez-Jackson,102,2336
3036,"Kim, Smith and Schwartz",25,1250
3037,Beard-Peterson,12,1250
3038,Fleming Group,274,9433
3039,"Gomez, Roberson and Wilson",282,8517
3040,"Kramer, Sherman and Greene",95,3306
3041,"Wolfe, Brown and Wallace",202,6303
3042,Meadows and Sons,22,1250
3043,Roberts Inc,212,5212
3044,"Mccoy, Schmidt and White",141,4991
3045,Clark-Nguyen,294,9433
3046,Rodriguez-Morris,102,3895
3047,Smith LLC,29,1250
3048,Garcia-Kelley,42,1250
3049,Smith-Jones,147,3381
3050,Lee-Lopez,257,6834
3051,Mendez-Mendoza,228,7468
3052,Davis Ltd,237,6752
3053,Doyle-Campbell,14,2110
3054,"Weaver, Rios and Harris",211,7797
3055,Thompson and Sons,230,8573
3056,Allen LLC,101,2113
3057,"Cabrera, Powers and Taylor",32,1450
3058,"Adkins, Ray and Hinton",17,1250
3059,Johnson-Williams,138,4467
3060,"Perez, Clay and Mckee",167,4204
3061,Munoz-Williams,101,4256
3062,Ferguson-Davis,110,2513
3063,"Martin, Hinton and Anderson",174,3272
3064,"Adams, Thomas and Munoz",238,9173
3065,Acosta Ltd,163,5332
3066,Snyder-Weber,217,5440
3067,"James, Campbell and Harmon",265,7787
3068,"Ferguson, Miller and Johnson",264,7343
3069,Kennedy PLC,293,8795
3070,Sanders PLC,275,9052
3071,"Williams, Wright and Davis",4,1250
3072,"Jordan, Cole and Cohen",29,1250
3073,Lindsey-Hernandez,150,4505
3074,"Gonzalez, Smith and Berry",29,1948
3075,Brennan and Sons,66,1250
3076,Simpson-Craig,22,1250
3077,"Williams, Smith and Humphrey",253,6611
3078,"Rogers, Stone and Hamilton",236,8086
3079,Chambers LLC,228,6100
3080,Farmer Ltd,14,1250
3081,"Osborn, Martin and Castro",50,2049
3082,Black LLC,119,2661
3083,Cameron-Brown,55,1299
3084,"Bentley, Henderson and Espinoza",139,6551
3085,Marks-Martin,54,2407
3086,Russell-Coffey,45,1250
3087,"Woods, Frank and Lopez",54,1498
3088,Black-White,75,3157
3089,Diaz-Jones,47,2072
3090,Parks PLC,14,1250
3091,Kelly-Buckley,166,5083
3092,Wu Inc,103,1610
3093,Ramirez-Price,281,6739
3094,"Barnett, Phillips and Pearson",259,7593
3095,Howard-Morales,139,3536
3096,"Harris, Lopez and Wood",164,5506
3097,"Roberts, Carroll and Chambers",112,3557
3098,Glass-Trujillo,103,2317
3099,Wood Ltd,18,1250
3100,Fuller Group,269,7651
3101,Montoya and Sons,183,7556
3102,Moore-Wagner,25,1250
