email,Maple Trees
user668@test.com,22
user603@test.com,20
user493@example.com,27
user543@test.com,27
unique1_47@example.com,13
user291@example.com,22
unique1_20@sample.org,5
user838@example.com,53
user102@sample.org,54
user900@sample.org,27
user8@example.com,50
user369@example.com,46
unique1_73@example.com,20
user883@sample.org,22
user660@example.com,56
unique1_82@test.com,37
user127@sample.org,23
user147@sample.org,54
user554@test.com,44
user533@sample.org,6
user550@example.com,27
user360@sample.org,32
user682@sample.org,9
user704@sample.org,53
user475@test.com,9
user714@example.com,44
user745@example.com,38
user985@sample.org,38
user495@example.com,49
user547@test.com,49
user71@example.com,43
user949@test.com,30
user794@example.com,47
user190@test.com,9
user863@example.com,42
user800@example.com,14
user140@example.com,29
user601@example.com,32
user34@test.com,40
user691@test.com,24
user686@example.com,5
user412@example.com,23
user401@example.com,9
user313@sample.org,19
user289@example.com,2
user433@test.com,29
user311@test.com,2
user196@sample.org,30
user569@test.com,35
user446@sample.org,53
user128@example.com,37
user473@example.com,13
unique1_72@example.com,11
user966@example.com,40
user11@example.com,12
user770@test.com,3
user296@sample.org,38
user895@example.com,44
user579@sample.org,18
user228@example.com,4
user532@sample.org,26
user132@test.com,36
user913@sample.org,49
user384@example.com,34
user908@test.com,3
user381@test.com,54
user408@test.com,35
user767@test.com,9
user359@sample.org,3
unique1_43@sample.org,5
user47@example.com,15
user407@sample.org,15
user638@example.com,45
user282@sample.org,55
unique1_31@sample.org,37
user85@example.com,46
user441@sample.org,30
user429@example.com,16
user274@example.com,20
user513@example.com,53
user279@test.com,55
user323@sample.org,29
user705@sample.org,36
user711@sample.org,48
user267@sample.org,42
user422@example.com,3
user698@sample.org,36
user387@example.com,17
user478@test.com,3
user566@test.com,31
user244@example.com,5
user590@test.com,50
user653@example.com,35
user172@sample.org,26
user728@test.com,54
unique1_42@sample.org,28
user507@sample.org,27
user521@test.com,31
user593@example.com,52
user885@test.com,32
user737@example.com,24
user933@test.com,50
user658@sample.org,17
user940@sample.org,12
unique1_26@test.com,54
user161@sample.org,25
user426@test.com,55
unique1_66@example.com,48
user680@sample.org,20
user35@sample.org,34
user346@sample.org,24
user565@example.com,29
user865@example.com,24
user19@sample.org,37
user409@sample.org,56
user257@example.com,11
user732@test.com,3
user951@test.com,52
unique1_62@sample.org,37
user585@sample.org,49
unique1_83@example.com,32
user840@sample.org,44
user518@test.com,18
user746@sample.org,9
user646@example.com,49
unique1_97@sample.org,24
unique1_33@test.com,46
user608@sample.org,19
user558@test.com,31
user504@sample.org,7
user402@example.com,37
unique1_90@example.com,14
user642@example.com,44
user153@example.com,54
user916@sample.org,39
user954@test.com,13
user919@sample.org,42
user807@example.com,25
user868@example.com,21
user768@test.com,29
user773@example.com,16
user40@test.com,2
user512@sample.org,39
user915@example.com,3
user159@example.com,31
user801@sample.org,5
user549@test.com,12
user659@example.com,12
user322@example.com,3
user662@example.com,12
user983@test.com,10
unique1_24@test.com,43
unique1_12@sample.org,32
user225@example.com,43
user758@test.com,56
user150@test.com,25
user871@example.com,26
unique1_78@example.com,45
user843@test.com,15
user261@sample.org,10
user43@sample.org,3
unique1_95@sample.org,30
user759@example.com,56
user86@example.com,13
user370@sample.org,16
unique1_70@test.com,3
user490@sample.org,45
user517@test.com,52
user305@example.com,12
user187@sample.org,19
user515@test.com,31
user67@test.com,7
unique1_94@example.com,11
user837@sample.org,47
user410@example.com,26
user693@example.com,42
user567@example.com,5
user962@example.com,7
user906@test.com,36
user993@sample.org,17
user297@test.com,8
user984@test.com,13
user862@example.com,28
user506@example.com,50
user989@test.com,50
user492@sample.org,32
user785@example.com,26
user377@test.com,50
unique1_2@example.com,46
user736@example.com,44
user461@sample.org,26
user307@sample.org,23
user878@example.com,35
user482@sample.org,16
user9@sample.org,54
unique1_22@example.com,36
user849@test.com,24
user192@test.com,21
user447@example.com,20
user827@example.com,13
unique1_3@test.com,9
user373@test.com,34
user293@test.com,26
user271@example.com,20
user272@sample.org,20
user444@sample.org,11
user233@test.com,42
user499@example.com,19
user251@example.com,19
user17@test.com,20
user203@test.com,8
user810@test.com,53
user522@example.com,5
unique1_13@sample.org,25
unique1_61@sample.org,3
user462@sample.org,5
user528@example.com,12
user817@sample.org,52
user6@test.com,27
user697@test.com,53
user805@sample.org,17
user997@sample.org,18
user551@example.com,9
user876@test.com,14
user224@sample.org,42
user392@sample.org,43
user879@example.com,30
user325@test.com,23
user230@example.com,26
user177@sample.org,17
user953@test.com,16
user588@sample.org,41
user765@sample.org,40
user586@test.com,56
unique1_46@example.com,5
unique1_9@example.com,25
user696@test.com,45
user57@sample.org,49
user136@test.com,2
user925@sample.org,34
user783@example.com,45
unique1_4@example.com,54
user248@example.com,48
unique1_76@test.com,15
user215@example.com,55
user655@sample.org,29
user152@test.com,46
user947@sample.org,8
user624@sample.org,12
user108@sample.org,32
user91@sample.org,3
user247@sample.org,25
user439@example.com,25
user497@example.com,17
user217@test.com,12
user151@test.com,31
unique1_18@example.com,53
user26@test.com,26
user859@test.com,11
user182@test.com,36
user489@test.com,32
user33@example.com,19
user123@example.com,39
user978@test.com,21
user832@sample.org,55
user893@sample.org,14
user15@test.com,30
user542@example.com,46
user616@test.com,46
user779@sample.org,47
user338@sample.org,39
user479@example.com,56
user348@sample.org,49
user881@sample.org,9
unique1_58@sample.org,17
user834@example.com,44
user858@sample.org,55
user703@sample.org,31
user415@example.com,6
user750@test.com,2
user564@example.com,11
user708@sample.org,42
user575@test.com,42
user380@example.com,17
user963@test.com,23
user52@test.com,17
user321@sample.org,13
user158@test.com,24
user467@test.com,45
user699@test.com,44
unique1_55@example.com,53
user935@test.com,14
user330@example.com,28
user56@example.com,22
user798@sample.org,27
user31@example.com,24
user264@test.com,27
user780@test.com,37
user901@example.com,31
user420@example.com,10
user709@example.com,15
user690@sample.org,55
user173@example.com,37
user253@test.com,46
user376@sample.org,30
user544@example.com,5
user592@sample.org,26
unique1_60@test.com,33
user494@sample.org,45
user5@test.com,29
user761@example.com,34
user110@sample.org,35
user266@sample.org,39
user911@example.com,19
user280@sample.org,40
user712@sample.org,31
user137@sample.org,23
user498@test.com,7
unique1_57@test.com,19
user258@example.com,31
unique1_5@example.com,39
user364@test.com,44
user784@sample.org,43
user245@example.com,28
user598@test.com,20
user816@example.com,53
user990@example.com,48
user160@test.com,3
user664@sample.org,41
unique1_74@sample.org,52
user337@sample.org,18
unique1_64@example.com,36
user932@test.com,44
user921@test.com,26
user786@sample.org,41
user996@sample.org,51
user243@sample.org,27
user584@example.com,44
user665@example.com,56
user134@test.com,4
user198@sample.org,52
user677@example.com,33
user195@test.com,22
user107@example.com,12
user397@sample.org,52
user510@example.com,34
user234@example.com,45
user130@example.com,12
user404@sample.org,5
user207@sample.org,31
user126@example.com,55
user400@test.com,18
user970@test.com,12
unique1_48@sample.org,44
user968@example.com,29
user118@example.com,13
user388@sample.org,33
user27@example.com,47
unique1_0@test.com,54
user710@test.com,33
user707@example.com,44
user42@example.com,3
user334@test.com,26
unique1_34@test.com,49
user84@example.com,44
user848@sample.org,26
user79@sample.org,32
user122@example.com,9
user505@test.com,4
user692@example.com,6
user183@sample.org,53
user902@sample.org,16
user200@sample.org,21
unique1_99@sample.org,50
user166@sample.org,10
user354@test.com,13
user928@sample.org,21
unique1_75@sample.org,52
user892@example.com,48
user799@sample.org,31
user268@example.com,5
user382@sample.org,17
user340@test.com,30
user614@example.com,43
user101@example.com,13
user772@sample.org,12
user455@example.com,29
user169@sample.org,9
unique1_23@test.com,32
user477@test.com,53
user828@sample.org,35
user193@example.com,21
user867@sample.org,8
unique1_84@sample.org,52
user51@sample.org,28
unique1_71@example.com,12
user170@sample.org,23
user20@test.com,18
user948@test.com,16
user435@sample.org,25
user68@example.com,22
user793@example.com,12
user310@test.com,29
user229@sample.org,3
user205@test.com,42
user540@sample.org,33
user610@test.com,40
user30@example.com,18
user924@example.com,38
user856@sample.org,15
user508@test.com,47
user855@sample.org,27
user457@sample.org,49
user277@test.com,43
user531@sample.org,23
user276@example.com,36
unique1_27@example.com,18
user104@sample.org,10
user436@sample.org,48
unique1_81@test.com,56
user939@example.com,3
user918@example.com,44
user914@sample.org,21
user95@sample.org,37
user74@test.com,28
user62@sample.org,45
user357@sample.org,35
user299@sample.org,11
user239@test.com,21
user424@example.com,34
user329@example.com,33
user300@example.com,51
user371@example.com,48
user910@sample.org,49
user347@sample.org,55
user992@test.com,21
user287@example.com,43
user739@sample.org,53
user887@example.com,42
user607@test.com,56
user155@example.com,51
user503@test.com,8
user942@sample.org,5
user163@sample.org,28
user58@example.com,3
unique1_10@test.com,43
user967@example.com,33
user125@sample.org,2
user485@test.com,40
user179@sample.org,46
user372@sample.org,9
user676@example.com,52
user936@test.com,14
unique1_30@sample.org,21
user146@example.com,31
user934@sample.org,24
user812@example.com,56
user284@sample.org,43
user656@test.com,3
user327@example.com,48
user246@example.com,3
user76@sample.org,26
user236@example.com,11
user419@sample.org,56
user870@sample.org,39
user55@example.com,39
user833@sample.org,52
user529@example.com,24
user174@test.com,41
unique1_44@sample.org,38
user64@example.com,18
user577@test.com,34
user501@example.com,39
user13@sample.org,42
user866@test.com,39
user988@example.com,25
user45@example.com,46
user164@sample.org,21
user864@test.com,55
user487@sample.org,26
user941@sample.org,54
user889@example.com,23
user563@example.com,35
user265@example.com,41
user106@example.com,26
user548@test.com,52
user568@sample.org,21
user189@example.com,45
user874@sample.org,48
user556@sample.org,48
user623@example.com,24
user726@example.com,24
user294@sample.org,40
user37@sample.org,25
user999@sample.org,15
user255@test.com,16
user418@example.com,21
user65@sample.org,18
user1@example.com,35
user675@example.com,43
user666@example.com,32
user138@test.com,45
unique1_53@test.com,44
user880@example.com,11
user220@example.com,33
user877@example.com,5
unique1_89@sample.org,32
user60@test.com,12
user781@sample.org,6
user981@example.com,48
user188@test.com,19
user718@example.com,39
user383@example.com,49
user764@sample.org,48
user526@sample.org,36
user854@sample.org,26
user306@test.com,7
user269@test.com,43
user445@test.com,9
user249@test.com,12
user766@sample.org,41
user600@example.com,21
user3@example.com,45
user10@example.com,2
user350@example.com,51
unique1_1@test.com,36
user912@sample.org,42
user201@test.com,56
user969@sample.org,9
user685@test.com,30
user552@sample.org,56
user958@test.com,30
user214@sample.org,36
user904@sample.org,13
user648@test.com,35
user520@sample.org,47
user488@sample.org,35
user80@test.com,40
user181@test.com,29
user850@sample.org,32
user819@sample.org,32
user857@example.com,20
user442@test.com,55
user851@example.com,51
user320@example.com,48
user514@example.com,19
user735@example.com,18
user1000@sample.org,45
user352@example.com,54
user72@example.com,5
user898@test.com,16
user211@example.com,36
user672@sample.org,10
user124@example.com,4
user687@test.com,52
user578@test.com,12
user38@test.com,14
user476@test.com,14
user654@example.com,39
user957@test.com,34
unique1_29@sample.org,17
user175@example.com,37
user631@sample.org,22
user145@sample.org,31
user403@test.com,2
user744@example.com,46
user689@test.com,48
user751@test.com,9
user324@test.com,15
user678@sample.org,29
user413@test.com,51
unique1_91@sample.org,29
unique1_15@test.com,21
unique1_32@sample.org,36
user717@example.com,23
user541@sample.org,43
user716@example.com,48
user777@example.com,10
user595@test.com,26
user749@example.com,23
user317@test.com,39
user995@sample.org,53
user814@sample.org,19
user982@sample.org,9
user754@sample.org,28
user456@test.com,2
user481@test.com,46
user180@example.com,20
user458@test.com,30
user423@example.com,30
user826@sample.org,29
user427@example.com,11
user617@test.com,49
user328@test.com,50
user396@test.com,5
user719@example.com,42
user463@test.com,23
user875@example.com,39
user959@example.com,50
user97@sample.org,18
user684@sample.org,10
unique1_68@sample.org,2
unique1_8@example.com,25
user802@sample.org,21
user116@test.com,17
user162@example.com,7
user882@test.com,49
user484@example.com,7
user213@test.com,25
user365@example.com,46
unique1_51@sample.org,22
user931@sample.org,14
user483@example.com,23
user755@sample.org,55
user634@test.com,24
unique1_77@test.com,9
user852@test.com,23
user955@test.com,43
unique1_67@example.com,34
user227@example.com,40
user186@example.com,2
user405@sample.org,29
unique1_37@test.com,42
user808@test.com,11
user411@example.com,18
user965@example.com,44
user18@sample.org,47
user824@sample.org,10
user839@sample.org,38
unique1_50@example.com,42
user894@sample.org,2
user210@example.com,35
user491@sample.org,11
user432@example.com,34
user500@example.com,31
user333@test.com,56
user748@test.com,20
user530@sample.org,17
user109@test.com,6
user176@sample.org,20
unique1_65@sample.org,23
user331@sample.org,21
user618@test.com,30
user351@example.com,35
user952@sample.org,26
user87@sample.org,40
user570@sample.org,18
user66@test.com,29
user448@example.com,38
user594@example.com,32
user219@example.com,38
user694@sample.org,11
user414@sample.org,37
user178@example.com,28
unique1_56@test.com,2
user702@example.com,14
user391@sample.org,32
user345@sample.org,54
user358@test.com,4
user93@example.com,55
user917@sample.org,17
user753@sample.org,27
user440@example.com,46
user747@example.com,44
user184@example.com,38
unique1_40@test.com,39
unique1_49@sample.org,36
user431@sample.org,47
unique1_39@test.com,14
user609@example.com,38
user318@sample.org,55
user319@sample.org,18
user652@test.com,45
user273@test.com,31
user731@example.com,14
user734@sample.org,42
user523@test.com,22
user930@example.com,56
user960@sample.org,46
unique1_85@example.com,15
user48@test.com,56
user349@test.com,47
user619@test.com,40
user605@test.com,50
user226@example.com,5
user572@test.com,20
user242@test.com,31
user557@example.com,27
unique1_17@sample.org,26
user884@test.com,12
user121@test.com,28
user171@sample.org,36
user44@test.com,31
user787@test.com,56
user923@example.com,54
user587@sample.org,46
unique1_87@test.com,46
user144@sample.org,9
user252@sample.org,22
user625@example.com,29
user535@test.com,19
user61@sample.org,56
user167@sample.org,28
user112@example.com,29
user53@example.com,13
user304@test.com,18
user641@test.com,33
user295@sample.org,51
user342@sample.org,10
user943@test.com,22
unique1_59@sample.org,11
user131@sample.org,56
user561@test.com,7
user920@test.com,53
user580@example.com,13
user281@sample.org,32
user847@sample.org,52
user326@sample.org,45
user496@example.com,51
user336@example.com,8
user451@sample.org,24
user73@test.com,8
user571@sample.org,36
user927@test.com,47
user344@test.com,2
user103@test.com,19
user339@example.com,46
user980@sample.org,4
user50@test.com,6
unique1_63@sample.org,40
user979@test.com,23
user452@sample.org,41
user788@example.com,17
user367@example.com,29
user629@example.com,9
user22@test.com,24
user4@test.com,2
user626@sample.org,55
user700@example.com,22
user842@test.com,4
user278@test.com,24
user298@test.com,9
user394@sample.org,44
unique1_21@test.com,22
unique1_69@test.com,25
user583@example.com,29
user59@test.com,51
user752@test.com,9
unique1_96@sample.org,8
user417@sample.org,32
user922@sample.org,32
user873@sample.org,15
user763@sample.org,24
user341@example.com,24
unique1_19@sample.org,20
user606@example.com,5
user468@test.com,52
user149@example.com,31
user534@test.com,6
user628@sample.org,32
user795@example.com,39
user706@example.com,20
user471@example.com,52
user209@sample.org,37
user241@example.com,38
user721@example.com,3
user486@sample.org,49
user831@sample.org,25
user539@sample.org,33
user905@sample.org,42
user302@example.com,49
user813@test.com,24
user974@example.com,56
user335@test.com,15
user667@example.com,22
user222@example.com,53
user54@sample.org,36
user560@sample.org,43
user378@example.com,30
user896@test.com,21
user316@example.com,51
user640@sample.org,48
unique1_14@example.com,42
user425@sample.org,37
user738@sample.org,28
user24@example.com,48
unique1_41@sample.org,34
user16@test.com,40
user292@test.com,15
user742@test.com,46
user70@test.com,8
user559@sample.org,33
user937@sample.org,17
user644@test.com,42
user466@example.com,44
user366@example.com,50
user822@example.com,55
user756@test.com,35
user355@sample.org,4
user332@example.com,13
unique1_38@example.com,18
user434@example.com,55
user950@sample.org,50
user809@sample.org,11
user139@test.com,14
user240@test.com,10
unique1_92@test.com,41
user283@example.com,35
user254@example.com,6
user157@test.com,53
user991@sample.org,45
user194@example.com,27
user99@example.com,53
user823@example.com,45
user743@example.com,32
unique1_88@test.com,17
user657@test.com,18
user760@sample.org,22
user956@sample.org,44
user460@example.com,7
user792@sample.org,31
user645@example.com,46
user776@test.com,28
user36@sample.org,42
user661@example.com,29
user806@sample.org,25
user613@example.com,39
user78@example.com,36
user385@example.com,31
user308@sample.org,22
user815@sample.org,50
user647@example.com,50
user218@example.com,28
user502@sample.org,33
user994@test.com,11
user288@example.com,20
user430@sample.org,33
user309@sample.org,29
user622@sample.org,10
user223@sample.org,39
user94@sample.org,27
user290@test.com,43
user83@test.com,12
user639@test.com,24
user202@example.com,18
user909@test.com,31
user454@example.com,48
user465@test.com,55
user844@test.com,20
user450@test.com,29
unique1_79@sample.org,6
user231@test.com,36
user977@test.com,6
user511@example.com,37
user811@sample.org,35
user7@sample.org,31
user389@example.com,22
user945@sample.org,34
user260@example.com,7
user315@sample.org,12
user582@sample.org,48
unique1_6@example.com,35
unique1_16@test.com,9
unique1_28@sample.org,40
user971@sample.org,14
user621@sample.org,8
user976@sample.org,14
user674@sample.org,28
user259@test.com,2
user599@test.com,37
user23@example.com,56
user630@test.com,14
user733@test.com,42
user89@example.com,31
unique1_35@sample.org,36
user782@example.com,32
user725@sample.org,51
user406@test.com,52
user100@sample.org,31
user375@example.com,53
user416@example.com,7
user263@example.com,46
user81@sample.org,33
user527@sample.org,53
user604@sample.org,26
user790@sample.org,12
user681@example.com,41
user771@example.com,13
user803@example.com,38
user82@sample.org,33
user643@example.com,26
user775@sample.org,33
user75@example.com,14
user143@sample.org,28
user724@test.com,22
user651@sample.org,43
unique1_45@example.com,39
unique1_80@test.com,42
unique1_86@example.com,42
user28@sample.org,11
user29@example.com,3
user63@example.com,8
user778@sample.org,30
user869@sample.org,21
user649@example.com,30
user789@sample.org,50
user573@example.com,8
user946@example.com,12
user536@sample.org,17
user669@sample.org,9
user888@test.com,13
user741@sample.org,23
user117@test.com,21
user637@test.com,37
user872@test.com,17
user602@test.com,30
user671@sample.org,38
user545@example.com,41
user944@sample.org,21
user92@example.com,35
user32@sample.org,36
user846@example.com,40
user938@example.com,44
user853@sample.org,23
unique1_36@example.com,38
user191@test.com,20
user113@example.com,41
user774@example.com,19
user553@sample.org,30
user818@example.com,16
user987@sample.org,37
user154@test.com,13
user525@sample.org,22
user303@sample.org,8
user633@example.com,8
user114@test.com,13
user998@test.com,52
user41@test.com,56
user670@example.com,49
user723@test.com,17
user235@sample.org,47
user769@example.com,21
user237@test.com,30
user399@sample.org,46
user715@test.com,37
user238@example.com,28
unique1_25@sample.org,35
unique1_93@example.com,22
user574@example.com,21
user421@example.com,3
user119@test.com,37
user208@test.com,30
user757@example.com,3
user88@example.com,47
user361@sample.org,55
user524@test.com,15
unique1_11@test.com,25
user964@example.com,55
user830@test.com,49
user301@example.com,26
unique1_54@test.com,6
user165@sample.org,12
user897@test.com,52
user69@sample.org,42
user105@sample.org,28
user975@example.com,7
user185@sample.org,22
user443@sample.org,25
user519@example.com,13
user762@sample.org,8
user90@sample.org,42
user663@test.com,27
user701@example.com,38
user635@example.com,54
user459@example.com,39
user115@example.com,2
user620@example.com,25
user204@test.com,26
user428@example.com,19
user890@example.com,10
user926@test.com,45
user77@test.com,25
unique1_52@example.com,42
user285@test.com,29
user627@example.com,42
user636@test.com,13
unique1_98@example.com,54
user835@test.com,34
user796@sample.org,48
user597@test.com,48
user142@test.com,39
user129@sample.org,20
user632@example.com,33
user232@example.com,29
user886@example.com,20
user343@test.com,8
user390@example.com,51
unique1_7@sample.org,25
user206@example.com,10
user555@example.com,21